KKID,KKMC,CLOUD_ID,TOLLGATENO,DWSSQY,DWZT,QDFS,QDDBH,QDQBMS,JGZT,SFNRGJJH,FXS,DWPMT,DWPMTMS,DXXSJT,DXXSJTMS,NXBSJT,NXBSJTMS,XXDSJT,XXDSJTMS,BXNSJT,BXNSJTMS,ISDELFLG,JGSB
0272013TS10020,武汉大道(岳家嘴至东湖中学)TS,523,0272013TS10020,2,0,信号机取电,,,,2,1,upload/20150106/20150106155401wuhandadaodonghuzhongxue.jpg,,,,,,,,upload/20150106/20150106155409dong.jpg,,1,
0272014TS10036,天鹅路_白鹭街路口TS,1112,0272014TS10036,2,0,信号机取电,,,,2,1,upload/20150113/20150113150117tianlubailujie.jpg,,,,,,,,upload/20150113/20150113150125n.jpg,,1,
9000001,欢乐大道红庙卡口,1001,0272013JY00009,3,0,,,,,,2,,,,,,,,,,,1,
9000002,欢乐大道青化卡口,1002,0272013JY00010,3,,,,,,,2,,,,,,,,,,,1,
4.201E+17,解放大道解放公园路口,1017,12015,1,0,,,,,,3,,,,,,,,,,,1,
4.201E+17,沿江大道青岛路口,1018,12016,1,0,,,,,,2,,,,,,,,,,,1,
4.201E+17,后湖大道百步亭花园路口,194,12025,3,3,,,,,,2,,,,,,,,,,,1,
4.201E+17,自治街前进四路口,198,12029,1,0,,,,,,2,,,,,,,,,,,1,
4.201E+17,东一路洪山侧路,1121,11129,1,3,,,,,,2,,,,,,,,,,,1,
4.201E+17,书城路石牌岭,1122,11148,,0,,,,,,2,,,,,,,,,,,1,
4.201E+17,光谷一路高新六路口LF,1123,11137,4,0,,,,,,3,,,,,,,,,,,1,
0272010TS10012,徐东大街_友谊大道TS,581,0272010TS10012,2,0,信号机取电,,,,2,4,upload/20141231/20141231144445xudongdajieyouyidadao.jpg,,upload/20141231/20141231144519youyidadaoE.jpg,,upload/20141231/20141231144512youyidadaoS.jpg,,upload/20141231/20141231144507YOUYIDADAOw.jpg,,upload/20141231/20141231144501youyidadaoN.jpg,,1,
0272014bk10010,关山大道_华夏学院_出城bk,1169,0272014bk10010,,,,,,,,1,upload/20141210/20141210111135guanshandadao.jpg,,,,,,,,,,1,
0272014bk10011,民族大道_三环线_北1KM_出城bk,1170,0272014bk10011,,,,,,,,1,upload/20141210/20141210111204minzudadao.jpg,,,,,,,,,,1,
0272014bk10012,文化大道_三环线_北300M_出城bk,1171,0272014bk10012,,,,,,,,1,upload/20141210/20141210111230wenhuadadao.png,,,,,,,,,,1,
0272014bk10014,白沙洲大道_三环线_北200M_出城bk,1413,0272014bk10014,,,,,,,,1,upload/20141210/20141210111256bsz.jpg,,,,,,,,,,1,
0272014bk10005,谌家矶大道_三环线_进城出城bk,1173,0272014bk10005,,,,,,,,2,upload/20141210/20141210111406chenjiaji.jpg,,,,,,,,,,1,
0272014bk10017,国博大道_三环线_进城出城bk,1176,0272014bk10017,,,,,,,,2,upload/20141210/20141210111521guobodadao.jpg,,,,,,,,,,1,
0272014bk10004,团结大道_三环线_进城出城bk,1177,0272014bk10004,,,,,,,,2,upload/20141210/20141210111552tuanjiedadao.jpg,,,,,,,,,,1,
0272013kx13001,金桥大道与和谐大道路口,586,0272013kx13001,3,0,信号机,,,,,3,,,,,,,,,,,1,
4.201E+17,中北路洪山广场北LF,256,0272012LF12115,1,2,,,,,,2,,,,,,,,,,,1,
4.201E+17,崇仁路(中山大道至沿河大道)LF,161,0272012LF12123,2,0,,,,,,1,,,,,,,,,,,1,
4.201E+17,多福路(中山大道至沿河大道)LF,162,0272012LF12126,1,0,,,,,,1,,,,,,,,,,,1,
4.201E+17,解放大道三环线_东500M_进城LF,234,0272012LF12131,3,0,,,,,,1,,,,,,,,,,,1,
4.201E+17,解放大道新华路路口,1025,12030,,0,,,,,,3,,,,,,,,,,,1,
4.201E+17,马场角路新华下路路口,1029,12037,2,0,,,,,,2,,,,,,,,,,,1,
4.201E+17,京汉大道_游艺路口,1030,12038,1,0,,,,,,4,,,,,,,,,,,1,
4.201E+17,解放大道汉西路口,1032,12040,2,0,,,,,,3,,,,,,,,,,,1,
4.201E+17,解放大道宝丰一路口,1033,12041,1,0,,,,,,3,,,,,,,,,,,1,
4.201E+17,南泥湾大道古乐路口,1034,12042,,0,,,,,,2,,,,,,,,,,,1,
4.201E+17,琴台大道罗七路东100MLF,252,0272012LF12107,,0,,,,,,2,,,,,,,,,,,1,
4.201E+17,江城大道_梅子山隧道(往月湖桥)LF,253,0272012LF12108,,0,,,,,,2,,,,,,,,,,,1,
4.201E+17,京汉大道_公安路口,1103,12020,,0,,,,,,2,,,,,,,,,,,1,
4.201E+17,后湖大道后湖五路,1104,12027,3,0,,,,,,2,,,,,,,,,,,1,
0272014bk10013,和平大道建设九路_出城bk,1184,0272014bk10013,,,,,,,,1,upload/20141210/20141210112118hepingjianjiu.jpg,,,,,,,,,,1,
4.201E+17,江汉一桥西便道(至沿河大道)LF,266,0272012LF12124,2,0,,,,,,1,,,,,,,,,,,1,
4.201E+17,芳草大道四新大道北LF,274,0272012LF12155,3,0,,,,,,2,,,,,,,,,,,1,
4.201E+17,航空路立交桥二层东LF,275,0272012LF12156,1,0,,,,,,2,,,,,,,,,,,1,
4.201E+17,澳门路绿缘路路口,184,12011,,,,,,,,2,,,,,,,,,,,1,
4.201E+17,琴台大道_江城大道东500MLF,53,0272012LF12144,2,0,,,,,,1,,,,,,,,,,,1,
0272014JW10001,八一路隧道南出口处,1301,0272014JW10001,3,0,,,,,,2,,,,,upload/20150226/20150226100145涓璺ч哄.jpg,,,,,,1,
4.201E+17,京汉大道崇仁路,74,0272012HY12019,1,0,信号机,,,,2,4,upload/20140910104759/19京汉大道崇仁路.jpg,,,,,,,,,,1,
0272014HK10100,长江大桥_黄鹤楼（武昌至汉阳HK),1164,0272014HK10100,1,0,,,,,,1,,,,,,,,,,,1,
0272014bk10021,解放大道汉黄路_出城bk,10002,0272014bk10021,,,,,,,,1,upload/20141210/20141210111942jiefanghanhuang.jpg,,,,,,,,,,1,
4.201E+17,京汉大道_江汉路,75,0272012HY12021,1,0,信号机,,,,2,3,upload/20140910105015/21京汉大道江汉路.jpg,,,,,,,,,,1,
4.201E+17,恒安路雅安街,110,0272012ZM12319,2,0,信号机,,,,1,3,,,,,,,,,,,1,
4.201E+17,红旗渠路_新华路,79,0272012HY12025,,,信号机,,,,2,2,upload/20140910110409/25红旗渠路新华路.jpg,,,,,,,,,,1,
4.201E+17,芳草大道四新北路,81,0272012HY12027,3,0,信号机,,,,2,3,upload/20140910110903/27芳草大道四新北路.jpg,,,,,,,,,,1,
4.201E+17,丁字桥路文安路丁字路口,114,0272012ZM12323,2,0,信号机,,,,2,3,,,,,,,,,,,1,
4.201E+17,洪山路_省委门口,126,0272012ZM12325,2,0,信号机,,,,2,1,,,,,,,,,,,1,
0272014bk10022,高新二路_进城出城bk,1186,0272014bk10022,,,,,,,,2,upload/20141210/20141210112015gaoxinerlu.jpg,,,,,,,,,,1,
0272014bk10023,米粮山立交_进城出城bk,1187,0272014bk10023,,,,,,,,2,upload/20141210/20141210112051miliangshandadao.png,,,,,,,,,,1,
4.201E+17,长江隧道LF,151,0272012LF12164,2,0,,,,,2,2,,,,,,,,,,,1,
0272012TS10026,二环线_二七大桥武昌奥山前后拍TS,529,0272012TS10026,2,0,信号机取电,,,,2,2,upload/20150106/20150106155553erhuangxianerqidaqiaokakou.jpg,,upload/20150106/20150106155600E.jpg,,,,upload/20150106/20150106155605W.jpg,,,,1,
4.201E+17,和平大道新生路,83,0272012HY12029,1,0,信号机,,,,2,1,upload/20140910111554/29和平大道新生路.jpg,,,,,,,,,,1,
4.201E+17,临江大道电厂站,84,0272012HY12030,1,0,信号机,,,,2,3,upload/20140910111800/30临江大道电厂.jpg,,,,,,,,,,1,
4.201E+17,友谊大道团结路,131,0272012ZM12327,3,0,信号机,,,,2,2,,,,,,,,,,,1,
4.201E+17,友谊大道才华街（二桥大队）,136,0272012ZM12329,3,0,信号机,,,,2,2,,,,,,,,,,,1,
4.201E+17,友谊大道才茂街,137,0272012ZM12330,3,0,,,,,2,2,,,,,,,,,,,1,
4.201E+17,友谊大道铁机集团门口,139,0272012ZM12331,3,0,信号机,,,,2,2,,,,,,,,,,,1,
0272013TS10019,徐东大街(团结大道至麦德龙)TS,522,0272013TS10019,2,0,信号机取电,,,,1,1,,,,,,,,,,,1,
4.201E+17,书城路文馨街路口,143,0272012ZM12332,2,0,信号机,,,,2,4,,,,,,,,,,,1,
4.201E+17,书城路文治街路口,145,0272012ZM12334,2,0,信号机,,,,2,4,,,,,,,,,,,1,
4.201E+17,书城路南湖大道丁字路口,141,0272012ZM12336,2,0,,,,,2,3,,,,,,,,,,,1,
4.201E+17,丁字桥南路建安街,140,0272012ZM12337,2,3,信号机,,,,2,3,,,,,,,,,,,1,
4.201E+17,和平大道建七路口,138,0272012ZM12338,3,0,信号机,,,,2,2,,,,,,,,,,,1,
4.201E+17,友谊大道建二路口,133,0272012ZM12339,3,0,信号机,,,,2,1,,,,,,,,,,,1,
4.201E+17,青王公路动车基地,130,0272012ZM12341,4,0,信号机,,,,2,2,,,,,,,,,,,1,
4.201E+17,青王公路武东路丁字路口,128,0272012ZM12342,4,0,信号机,,,,2,2,,,,,,,,,,,1,
4.201E+17,青王公路青化路丁字路口,127,0272012ZM12343,4,0,信号机,,,,2,1,,,,,,,,,,,1,
4.201E+17,青化路武钢冶末公司门口,123,0272012ZM12345,4,0,信号机,,,,2,2,,,,,,,,,,,1,
4.201E+17,建设一路旅大街（单行线）,122,0272012ZM12346,3,0,信号机,,,,2,2,,,,,,,,,,,1,
4.201E+17,建二路和平大道,121,0272012ZM12347,3,0,,,,,2,1,,,,,,,,,,,1,
4.201E+17,建一路吉林街,120,0272012ZM12348,3,1,信号机,,,,2,2,,,,,,,,,,,1,
4.201E+17,紫阳东路东安路,116,0272012ZM12352,2,0,信号机,,,,2,2,,,,,,,,,,,1,
9000004,欢乐大道园林路人行过街,1004,0272013JY00002,3,0,信号机,,,,,2,,,,,,,,,,,1,
9000005,欢乐大道园林一路,1005,0272013JY00003,3,0,信号机,,,,,2,,,,,,,,,,,1,
9000006,欢乐大道工业二路,1006,0272013JY00004,3,,,,,,,2,,,,,,,,,,,1,
9000007,欢乐大道工业二路人行过街,1007,0272013JY00005,3,,,,,,,2,,,,,,,,,,,1,
9000008,欢乐大道工业四路,1008,0272013JY00006,3,0,,,,,,2,,,,,,,,,,,1,
4.201E+17,体育路烈士街,115,0272012ZM12353,2,4,信号机,,,,2,1,,,,,,,,,,,1,
4.201E+17,三环线光谷大道立交1.5KMLF,262,0272012LF12100,5,,,,,,2,2,,,,,,,,,,,1,
4.201E+17,三环线欢乐大道立交_北1KMLF,259,0272012LF12102,1,0,,,,,,2,,,,,,,,,,,1,
4.201E+17,马沧湖路动物园路以南200米LF,247,0272012LF12142,2,0,平安城市,,,,,1,,,,,,,,,,,1,
4.201E+17,珞瑜东路三环线_西500M_进城LF,242,0272012LF12140,3,0,红绿灯取电,,,,,1,,,,,,,,,,,1,
4.201E+17,解放大道新世界酒店（至青年路）LF,240,0272012LF12118,2,0,,,,,,1,,,,,,,,,,,1,
4.201E+17,解放大道解放公园东LF,255,0272012LF12114,1,3,,,,,,2,,,,,,,,,,,1,
4.201E+17,新华路_建设大道路口,205,12036,2,,,,,,,2,,,,,,,,,,,1,
4.201E+17,建设大道江大路,1116,12022,2,0,,,,,,2,,,,,,,,,,,1,
4.201E+17,澳门路惠济路路口,1117,12010,2,3,,,,,,3,,,,,,,,,,,1,
4.201E+17,中南路中南二路口,1118,11123,2,2,,,,,,3,,,,,,,,,,,0,
4.201E+17,公正路沙湖果批,1120,11150,2,3,,,,,,2,,,,,,,,,,,1,
0272011TS10001,卓北路_广卓路TS,570,0272011TS10001,2,0,信号机取电,,,,2,2,,,,,,,,,,,1,
0272014bk10009,珞瑜东路_三环线_西500M_出城bk,1168,0272014bk10009,,,,,,,,1,upload/20141210/20141210111109luoyudonglu.png,,,,,,,,,,1,
TidC0391420112000000,金山大道吴中路,388,10048,4,0,,,,,,2,,,upload/20150411/20150411152331d.jpg,,,,upload/20150411/20150411152335x.jpg,,,,1,
TidC0390420112000000,金山大道东吴大道路口,387,10047,4,0,,,,,,2,,,,,upload/20150411/20150411152149n.jpg,,,,upload/20150411/20150411152139b.jpg,,1,
4.201E+17,珞狮南路_三环线_北300M_进城LF,268,0272012LF12133,,0,,,,,,1,,,,,,,,,,,1,
4.201E+17,黄孝河路解放公园路,68,0272012HY12013,1,0,信号机,,,,2,3,upload/20140910102738/13黄孝河路解放公园路.jpg,,,,,,,,,,1,
4.201E+17,中南二路民主路,101,0272012ZM12311,2,0,信号机,,,,2,2,,,,,,,,,,,1,
0272014LF14021,发展大道振兴三路东附近LF,1014,0272014LF14021,,0,诱导屏取电,,,,,2,upload/20140930162100/振兴三卡口.jpg,,upload/20140930162241/DSCN4468.JPG,,,,upload/20140930162241/DSCN4469.JPG,,,,1,交换机，光收发器
4.201E+17,京汉大道_前进一路,146,0272012HY12020,1,0,信号机,,,,2,2,upload/20140910103751/20京汉大道前进一路.jpg,,,,,,,,,,1,
4.201E+17,体育路辛亥革命博物馆,108,0272012ZM12317,2,0,信号机,,,,2,1,,,,,,,,,,,1,
4.201E+17,解放大道蓝天,73,0272012HY12018,1,0,信号机,,,,2,2,upload/20140910104506/18解放大道蓝天.jpg,,,,,,,,,,1,
4.201E+17,光谷大道黄龙山南路LF,230,0272012LF12143,3,0,,,,,,2,,,,,,,,,,,1,
4.201E+17,后湖大道全民健身中心LF,232,0272012LF12146,3,0,,,,,,2,,,,,,,,,,,1,
4.201E+17,武汉绕城高速阳逻大桥北端LF,272,0272012LF12153,4,,,,,,,2,,,,,,,,,,,1,
0272014LF14022,发展大道马场二路路段LF,1016,0272014LF14022,,0,姑嫂树监控,,,,,2,upload/20140930162034/1.jpg,,upload/20140930163030/东DSCN4593.JPG,辅道单独立杆,,,upload/20140930163030/西DSCN4582.JPG,辅道单独立杆,,,1,交换机，光收发器
4.201E+17,长江大桥,1,1,1,0,,,,,2,2,,,,,,,,,,,1,
4.201E+17,江汉一桥,2,2,1,,,,,,,2,,,,,,,,,,,1,
4.201E+17,江汉二桥,5,5,,,,,,,,2,,,,,,,,,,,1,
4.201E+17,芦沟桥路武汉天地（至中山大道）LF,257,0272012LF12116,1,0,,,,,,2,,,,,,,,,,,1,
4.201E+17,解放大道汉黄路南200M_进城LF,265,0272012LF12128,3,0,,,,,,1,,,,,,,,,,,1,
4.201E+17,金山大道金南一路东LF,51,0272012LF12138,4,,,,,,,1,,,,,,,,,,,1,
4.201E+17,沿江大道滨江苑LF,156,0272012LF12168,,0,,,,,,2,,,,,,,,,,,1,
0272011TS10007,珞狮南路_文荟街TS,576,0272011TS10007,2,0,信号机取电,,,,2,2,upload/20141231/20141231142251luoshinanluwenhuijie.jpg,,,,upload/20141231/20141231142312S (1).jpg,,,,upload/20141231/20141231142306N.jpg,,1,
0272011TS10008,珞狮南路_武梁路TS,577,0272011TS10008,2,0,信号机取电,,,,2,3,upload/20141231/20141231142344luoshinanluwulianglu.jpg,,,,upload/20141231/20141231142420S.jpg,,upload/20141231/20141231142406W.jpg,,upload/20141231/20141231142357N.jpg,,1,
0272010TS10010,长江二桥_徐东落点卡口TS,579,0272010TS10010,2,0,,,,,2,2,upload/20150106/20150106155038changjiangerqiaoxudongluodiankakou.jpg,,,,upload/20150106/20150106155053s.jpg,,,,upload/20150106/20150106155047n.jpg,,1,
0272014bk10003,东二环_水果湖隧道bk,1165,0272014bk10003,2,0,隧道内取电,,隧道内取电,,2,2,upload/20141210/20141210111907shuiguohudadao.jpg,,,,,,,,,,1,
4.201E+17,常青一路新华路,1040,12054,,0,,,,,,2,,,,,,,,,,,1,
4.201E+17,冶金大道_工业一路口,1043,11103,3,0,,,,,,2,,,,,,,,,,,1,
4.201E+17,冶金大道_二轻学院路口,1045,11105,3,0,,,,,,2,,,,,,,,,,,1,
4.201E+17,和平大道八大家路口,1047,11107,3,0,,,,,,2,,,,,,,,,,,1,
4.201E+17,和平大道建九路口,1048,11108,,0,,,,,,2,,,,,,,,,,,1,
4.201E+17,工业二路鄂州街路口,1052,11112,,0,,,,,,2,,,,,,,,,,,1,
4.201E+17,工业四路黄州街路口,1053,11113,,0,,,,,,2,,,,,,,,,,,1,
4.201E+17,建八路红钢二街,1054,11114,,0,,,,,,2,,,,,,,,,,,1,
4.201E+17,武珞路五巷中南二路,1062,11153,,0,,,,,,2,,,,,,,,,,,1,
0272014LF14001,发展大道黄孝河路LF,1066,0272014LF14001,2,0,红绿灯取电,,,,,3,,,,,,,,,,,1,交换机，光收发器
0272014LF14002,发展大道中一路LF,1067,0272014LF14002,2,0,红绿灯取电,,,,,3,upload/20140930160547/中一.jpg,,upload/20140930140641/发展大道中一路东.JPG,,upload/20140930140641/发展大道中一路西向.JPG,,upload/20140930140641/发展大道中一路西向.JPG,,upload/20140930140641/发展大道中一路北向.JPG,,1,交换机，光收发器
0272014LF14003,发展大道俊才街LF,1068,0272014LF14003,2,0,红绿灯取电,,,,,2,upload/20140930160508/俊才.jpg,,upload/20140930141011/发展大道俊才街东向.JPG,,,,upload/20140930141011/发展大道俊才街西向.JPG,,,,1,交换机，光收发器
0272014LF14015,解放大道水厂（二环线）LF,1069,0272014LF14015,2,0,红绿灯取电,,,,,2,upload/20140930161344/水厂.jpg,,upload/20140930152856/image003.jpg,东向右转单独立杆,,,upload/20140930152856/image005.jpg,,,,1,交换机，光收发器
0272014LF14014,建设大道汉西一路LF,1070,0272014LF14014,2,0,红绿灯取电,,,,,3,upload/20140930161322/汉一.jpg,,upload/20140930153428/image007.jpg,,upload/20140930153428/image009.jpg,,upload/20140930153428/image011.jpg,,,,1,交换机，光收发器
0272014LF14013,汉西路常码侧路（空军九通基地）LF,1071,0272014LF14013,2,4,红绿灯取电,,,,,2,upload/20140930161302/空9.jpg,,upload/20140930152627/image013.jpg,,,,upload/20140930152627/image015.jpg,,,,1,交换机，光收发器
0272014LF14004,发展大道三眼桥路LF,1073,0272014LF14004,2,0,红绿灯取电,,,,,4,upload/20140930160412/三眼桥.jpg,,upload/20140930143026/发展大道三眼桥路东向.JPG,,upload/20140930143026/发展大道三眼桥路南向.JPG,,upload/20140930143026/发展大道三眼桥路西向.JPG,,upload/20140930143026/发展大道三眼桥路北向.JPG,,1,交换机，光收发器
0272014LF14005,发展大道新华西路LF,1074,0272014LF14005,2,0,红绿灯取电,,,,2,4,upload/20140930160812/新华.jpg,,upload/20140930145250/发展大道新华西路东向.JPG,,upload/20140930145250/发展大道新华西路南向.JPG,,upload/20140930145250/发展大道新华西路西向.JPG,,upload/20140930145250/发展大道新华西路北向.JPG,,1,交换机，光收发器
0272014LF14010,发展大道振兴三路LF,1076,0272014LF14010,2,0,红绿灯取电,,,,,2,upload/20140930161155/振兴三.jpg,,upload/20140930145753/发展大道振兴三路东向.JPG,,,,upload/20140930145753/发展大道振兴三路西向.JPG,,,,1,交换机，光收发器
0272014LF14009,发展大道振兴二路LF,1078,0272014LF14009,2,0,红绿灯取电,,,,,2,upload/20140930161132/振兴二.jpg,,upload/20140930145644/发展大道振兴二路东向.JPG,,,,upload/20140930145644/发展大道振兴二路西向.JPG,,,,1,交换机，光收发器
0272014LF14007,发展大道青年路LF,1079,0272014LF14007,2,0,红绿灯取电,,,,,3,upload/20140930160654/青年.jpg,,upload/20140930143506/发展大道青年路东向.JPG,,upload/20140930143506/发展大道青年路南向.JPG,,upload/20140930143506/发展大道青年路西向.JPG,,,,1,交换机，光收发器
4.201E+17,八一路东三路,1081,11130,2,0,,,,,,2,,,,,,,,,,,1,
4.201E+17,光谷一路高新四路口,1085,11136,,0,,,,,,3,,,,,,,,,,,1,
4.201E+17,民族大道三环线_北1KM_进城LF,267,0272012LF12129,3,0,,,,,,1,,,,,,,,,,,1,
4.201E+17,塔子湖东路三环线_南700MLF,246,0272012LF12130,3,,,,,,,1,,,,,,,,,,,1,
4.201E+17,建设大道解放公园路口,1021,12021,3,0,,,,,,2,,,,,,,,,,,1,
4.201E+17,兴业路后湖四路路口,1022,12023,3,0,,,,,,2,,,,,,,,,,,1,
4.201E+17,兴业路后湖二路路口,1023,12024,,0,,,,,,2,,,,,,,,,,,1,
4.201E+17,自治街前进一路口,1024,12028,1,0,,,,,,2,,,,,,,,,,,1,
4.201E+17,南泥湾大道古田二路口,1035,12044,3,0,,,,,,2,,,,,,,,,,,1,
4.201E+17,珞瑜东路光谷一路口,1088,11139,3,0,,,,,,2,,,,,,,,,,,1,
4.201E+17,光谷大道南湖大道路口LF,1090,11141,3,0,,,,,,2,,,,,,,,,,,1,
4.201E+17,珞喻东路军械士官学校,1092,11143,4,0,,,,,,2,,,,,,,,,,,1,
4.201E+17,珞喻东路青王公路,1093,11144,4,0,,,,,,2,,,,,,,,,,,1,
4.201E+17,光谷二路富五路,1095,11146,4,0,,,,,,2,,,,,,,,,,,1,
4.201E+17,利济南路(沿河大道至中山大道)LF,164,0272012LF12125,1,0,,,,,,1,,,,,,,,,,,1,
9000003,欢乐大道园林路,1003,0272013JY00001,3,0,信号机,,,,1,2,,,,,,,,,,,1,
0272011TS10005,八一路_鲁磨路TS,574,0272011TS10005,2,0,信号机取电,,,,2,4,upload/20141231/20141231141713bayilulumolu.jpg,,upload/20141231/20141231141731bayilulumoluE.jpg,,upload/20141231/20141231141740bayiulumoluS.jpg,,upload/20141231/20141231141753bayilulumoluW.jpg,,upload/20141231/20141231141800bayilumoluN.jpg,,1,
0272011TS10009,珞狮南路_南湖大道TS,578,0272011TS10009,2,0,信号机取电,,,,2,4,upload/20141231/20141231143312luoshinanlunanhudadao.jpg,,upload/20141231/20141231143345E.jpg,,upload/20141231/20141231143337S.jpg,,upload/20141231/20141231143332W.jpg,,upload/20141231/20141231143327N.jpg,,1,
4.201E+17,沿江大道三阳路,61,0272012HY12006,1,0,信号机,,,,2,1,upload/20140902110819/6沿江大道三阳路.jpg,,,,,,,,,,1,
4.201E+17,南京路路段,62,0272012HY12007,1,0,,,,,2,1,upload/20140902111130/7南京路路段（单行线）.jpg,,,,,,,,,,1,
4.201E+17,临江大道船艇大队,91,0272012ZM12300,3,0,信号机,,,,2,2,,,,,,,,,,,1,
4.201E+17,临江大道前进路（万达公馆）,92,0272012ZM12301,3,0,信号机,,,,2,2,,,,,,,,,,,1,
4.201E+17,体育街彭刘杨路,93,0272012ZM12302,3,0,信号机,,,,2,4,,,,,,,,,,,1,
4.201E+17,张之洞路体育街,94,0272012ZM12303,3,0,,,,,2,1,,,,,,,,,,,1,信号机
4.201E+17,铭新街南京路,57,0272012HY12002,1,0,信号机,,,,2,2,upload/20140902105801/2铭新街南京路.jpg,,,,,,,,,,1,
9000009,杨春湖和谐路,1009,0272013JY00007,3,,,,,,,2,,,,,,,,,,,1,
9000010,欢乐大道杨春湖路,1010,0272013JY00008,3,,,,,,,2,,,,,,,,,,,1,
4.201E+17,中山路民主路路口,96,0272012ZM12305,2,,信号机,,,,,4,,,,,,,,,,,1,
4.201E+17,胜利街五福路,65,0272012HY12010,1,0,信号机,,,,2,2,upload/20140910101929/10胜利街五福路.jpg,,,,,,,,,,1,
4.201E+17,中山路中铁十一局,97,0272012ZM12306,2,0,信号机,,,,2,2,,,,,,,,,,,1,
4.201E+17,建设大道台北路,66,0272012HY12011,1,0,信号机,,,,2,2,upload/20140910102222/11建设大道台北路.jpg,,,,,,,,,,1,
4.201E+17,民主路武昌路路口（古楼洞）,98,0272012ZM12307,2,0,信号机,,,,2,2,,,,,,,,,,,1,
4.201E+17,民主路胭脂路丁字路口,99,0272012ZM12308,2,0,信号机,,,,2,2,,,,,,,,,,,1,
4.201E+17,中山大道卢沟桥,67,0272012HY12012,1,0,信号机,,,,2,4,upload/20140910102443/12中山大道卢沟桥路路口.jpg,,,,,,,,,,1,
4.201E+17,团结大道秦园东路,129,0272012ZM12326,3,0,信号机,,,,2,3,,,,,,,,,,,1,
4.201E+17,顺道街_前进二路,76,0272012HY12022,,0,信号机,,,,2,2,upload/20140910105216/22顺道街前进二路.jpg,,,,,,,,,,1,
4.201E+17,大兴路路段,77,0272012HY12023,,0,信号机,,,,2,1,upload/20140910105400/23大兴路路段（单行线）.jpg,,,,,,,,,,1,
4.201E+17,恒安路建安路,109,0272012ZM12318,2,3,信号机,,,,2,2,,,,,,,,,,,1,
4.201E+17,红旗渠路_新湾五路,78,0272012HY12024,,,信号机,,,,2,4,upload/20140910110008/24红旗渠路新湾五路.jpg,,,,,,,,,,1,
4.201E+17,平安路雅安街,111,0272012ZM12320,2,0,信号机,,,,2,2,,,,,,,,,,,1,
4.201E+17,平安路瑞安街,112,0272012ZM12321,2,0,信号机,,,,2,2,,,,,,,,,,,1,
4.201E+17,芳草大道四新南路,80,0272012HY12026,3,3,信号机,,,,2,4,upload/20140910110643/26芳草大道四新南路.jpg,,,,,,,,,,1,
4.201E+17,恒安路瑞安街,113,0272012ZM12322,2,0,信号机,,,,1,2,,,,,,,,,,,1,
4.201E+17,汉阳大道永丰路,82,0272012HY12028,1,0,信号机,,,,2,2,upload/20140910111136/28汉阳大道永丰路.jpg,,,,,,,,,,1,
4.201E+17,洪山路_天鹅路路口,124,0272012ZM12324,2,0,信号机,,,,2,3,,,,,,,,,,,1,
4.201E+17,临江大道秦园路,85,0272012HY12031,1,0,信号机,,,,2,3,upload/20140910111956/31临江大道秦园路.jpg,,,,,,,,,,1,
4.201E+17,友谊大道秦园路,134,0272012ZM12328,3,0,信号机,,,,2,2,,,,,,,,,,,1,
4.201E+17,和平大道建一路,86,0272012HY12032,,0,,,,,2,1,upload/20140910112325/32和平大道建设一路.jpg,,,,,,,,,,1,
4.201E+17,友谊大道建一路,87,0272012HY12033,1,0,信号机,,,,,4,upload/20140910112552/33友谊大道建设一路.jpg,,,,,,,,,,1,
0272014JW10002,八一路_广八路,1302,0272014JW10002,3,0,,,,,2,2,,,,,,,,,,,1,
4.201E+17,友谊大道园林路,88,0272012HY12034,1,0,,,,,2,2,upload/20140910112929/34友谊大道园林路.jpg,,,,,,,,,,1,
0272014JW10003,八一路珞珈南路,1303,0272014JW10003,,,,,,,,1,,,,,,,,,,,1,
0272012LF227,长江大桥_龟山（汉阳_武昌BK)DELLF,1201,0272012LF227,,0,原点,,原点,,2,1,,,,,,,,,,,0,
0272012TS10025,二环线_二七路高架前后拍TS,528,0272012TS10025,2,0,信号机取电,,,,2,2,upload/20150106/20150106155721erhuanxianerqilukakou.jpg,,upload/20150106/20150106155730E.jpg,,,,upload/20150106/20150106155737W.jpg,,,,1,
0272012TS10022,发展大道_黑泥湖路TS,526,0272012TS10022,2,0,信号机取电,,,,,3,upload/20141231/20141231143201fazhangdadaoheinihulu.jpg,,,,upload/20141231/20141231143218S (1).jpg,,,,upload/20141231/20141231143213N.jpg,,1,
0272012TS10024,发展大道_二七横路TS,527,0272012TS10024,2,,信号机取电,,,,,2,,,,,,,,,,,1,
4.201E+17,京汉大道_前进四路口,1026,12031,1,0,,,,,,3,,,,,,,,,,,1,
4.201E+17,新华路江汉北路路口,1027,12034,2,0,,,,,,3,,,,,,,,,,,1,
4.201E+17,新华路协和医院横道,1028,12035,1,0,,,,,,2,,,,,,,,,,,1,
4.201E+17,书城路文秀街路口,142,0272012ZM12335,2,0,信号机,,,,2,2,,,,,,,,,,,1,
4.201E+17,青化路康宁路路口,132,0272012ZM12340,4,0,信号机,,,,2,2,,,,,,,,,,,1,
0272014bk10024,长江大桥_龟山（汉阳_武昌BK)bk,10005,0272014bk10024,1,,,,,,,1,,,,,,,,,,,1,
4.201E+17,青化路武钢侧门,125,0272012ZM12344,4,0,信号机,,,,2,2,,,,,,,,,,,1,
4.201E+17,建一路辽宁街,119,0272012ZM12349,3,0,信号机,,,,2,2,,,,,,,,,,,1,
4.201E+17,楚善街张之洞路,118,0272012ZM12350,2,0,信号机,,,,2,1,,,,,,,,,,,1,
4.201E+17,首义路张之洞路,117,0272012ZM12351,2,3,信号机,,,,2,2,,,,,,,,,,,1,
4.201E+17,琴台大道五琴路西300MLF,243,0272012LF12150,2,0,,,,,,1,,,,,,,,,,,1,
4.201E+17,沿湖路东湖渔场LF,225,0272012LF12148,2,0,,,,,,2,,,,,,,,,,,1,
4.201E+17,中山大道荣华一路口,1031,12039,2,0,,,,,,2,,,,,,,,,,,1,
4.201E+17,后湖大道汉黄路路口,1109,12026,3,3,,,,,,2,,,,,,,,,,,1,
4.201E+17,中山大道民生路口,202,12033,1,3,,,,,,2,,,,,,,,,,,1,
0272010TS10014,武汉大道岳家嘴立交麦德龙TS,583,0272010TS10014,2,0,信号机取电,,,,2,1,upload/20141231/20141231143537wuhandadaoyuejiazhuilijiao.jpg,,,,upload/20141231/20141231143703maidelong.jpg,,,,,,1,
0272010TS10015,武汉大道_徐东高架南落点卡口TS,584,0272010TS10015,2,0,信号灯取电,,,,2,1,upload/20141231/20141231143001changjiangerqiaoxudongluodian.jpg,,,,,,,,upload/20141231/20141231143021nanluodiankakou.jpg,,1,
0272014bk10015,常青路_三环线南_进城出城bk,1414,0272014bk10015,3,0,信号灯机箱,,信号灯机箱,,2,2,upload/20141210/20141210111327cql.png,,,,,,,,,,1,
0272014bk10008,汉阳大道_三环线_进城出城bk,1167,0272014bk10008,,,,,,,,2,upload/20141210/20141210110947hanyangdadao.jpg,,,,,,,,,,1,
0272014bk10016,冶金大道_三环线_北500M_进城出城bk,1415,0272014bk10016,,,,,,,,2,upload/20141210/20141210111440yejindadao.jpg,,,,,,,,,,1,
0272014bk10006,光谷一路_三环线_进城出城bk,1175,0272014bk10006,,,,,,,,2,upload/20141210/20141210111501guangguyilu.jpg,,,,,,,,,,1,
0272014bk10018,江城大道_三环线_进城出城bk,1180,0272014bk10018,,,,,,,,2,upload/20141210/20141210111640jiangchengdadao.png,,,,,,,,,,1,
0272014bk10019,解放大道三环线_东500M_出城bk,1181,0272014bk10019,,,,,,,,1,upload/20141210/20141210111711jiefangdadao.jpg,,,,,,,,,,1,
0272014bk10020,古田二路_三环线_南800M_出城bk,1182,0272014bk10020,,,,,,,,1,upload/20141210/20141210111746gutianerlu.jpg,,,,,,,,,,1,
4.201E+17,长江二桥bk,149,0272012LF12163,,,,,,,,2,upload/20141210/20141210111837changjiangerqiao.png,,,,,,,,,,1,
0272014LF14012,发展大道淮海路LF,1072,0272014LF14012,2,0,红绿灯取电,,,,,3,upload/20140930161240/淮海.jpg,,upload/20140930153825/dong.jpg,,upload/20140930153825/nan.jpg,南向右转单独立杆,upload/20140930153825/xi.jpg,,,,1,交换机，光收发器
4.201E+17,B_香港路工商局,58,0272012HY12003,1,2,,,,,2,2,upload/20140902110038/3香港路工商局.jpg,,,,,,,,,,0,
4.201E+17,京汉大道解放公园路,56,0272012HY12001,1,0,信号机,,,,2,3,upload/20140902105141/1京汉大道解放公园路.jpg,,,,,,,,,,1,
4.201E+17,沿江大道六合路,59,0272012HY12004,1,0,,,,,2,2,upload/20140902110320/4沿江大道六合路.jpg,,,,,,,,,,1,
4.201E+17,胜利街三阳路,60,0272012HY12005,1,0,信号机,,,,2,1,upload/20140902110606/5胜利街三阳路.jpg,,,,,,,,,,1,
4.201E+17,绿缘路路段,63,0272012HY12008,1,,信号机,,,,2,1,upload/20140902111354/8绿缘路路段（单行线）.jpg,,,,,,,,,,1,
4.201E+17,胜利街一元路,64,0272012HY12009,,0,信号机,,,,,2,upload/20140902111732/9胜利街一元路.jpg,,,,,,,,,,1,
0272014LF14011,发展大道振兴四路LF,1075,0272014LF14011,2,0,红绿灯取电,,,,,2,upload/20140930161219/振兴四.jpg,,upload/20140930152020/image025.jpg,,,,upload/20140930152020/image027.jpg,,,,1,交换机，光收发器
4.201E+17,中山路武昌火车站门口,95,0272012ZM12304,3,0,信号机,,,,2,2,,,,,,,,,,,1,
4.201E+17,友谊大道三环线_西1KMLF,248,0272012LF12135,3,0,,,,,,2,,,,,,,,,,,1,
4.201E+17,解放大道球场街东LF,236,0272012LF12113,1,0,,,,,,2,,,,,,,,,,,1,
4.201E+17,后湖大道新荣客运站_进城LF,233,0272012LF12127,3,0,,,,,,1,,,,,,,,,,,1,
4.201E+17,古田二路_三环线_南800M_进城LF,228,0272012LF12132,3,,,,,,,1,,,,,,,,,,,1,
4.201E+17,汉施公路新河大桥桥东LF,270,0272012LF12147,5,0,,,,,,2,,,,,,,,,,,1,
0272014LF14006,发展大道金墩街LF,1077,0272014LF14006,2,0,红绿灯取电,,,,,4,upload/20140930160740/金墩.jpg,,upload/20140930144856/发展大道金墩街东向.JPG,,upload/20140930144856/发展大道金墩街南向.JPG,,upload/20140930144856/发展大道金墩街西向.JPG,,upload/20140930144856/发展大道金墩街北向.JPG,,1,交换机，光收发器
0272014LF14008,发展大道银墩街LF,1080,0272014LF14008,2,0,红绿灯取电,,,,,3,upload/20140930160625/银墩.jpg,,upload/20140930143321/发展大道银墩街东向.JPG,,,,upload/20140930143321/发展大道银墩街南向.JPG,,upload/20140930143321/发展大道银墩街北向.JPG,,1,交换机，光收发器
4.201E+17,八一路襄阳汉办,1082,11131,,0,,,,,,2,,,,,,,,,,,1,
4.201E+17,东三路洪山侧路,1083,11132,2,0,,,,,,2,,,,,,,,,,,1,
4.201E+17,平安路文治街,1084,11133,,0,,,,,,3,,,,,,,,,,,1,
4.201E+17,珞瑜东路森林公园,1087,11138,,0,,,,,,2,,,,,,,,,,,1,
4.201E+17,珞喻东路三环线西出口人行,1089,11140,3,0,,,,,,2,,,,,,,,,,,1,
4.201E+17,高新四路中芯二路LF,1091,11142,4,0,,,,,,2,,,,,,,,,,,1,
4.201E+17,流芳大道东园西路,1094,11145,4,0,,,,,,2,,,,,,,,,,,1,
4.201E+17,高新二路湖北第二师范学院大门口LF,1096,11147,3,0,,,,,,2,,,,,,,,,,,1,
4.201E+17,南湖大道软件园三路,1097,11151,3,0,,,,,,3,,,,,,,,,,,1,
4.201E+17,中山大道六渡桥天桥段,1110,12032,1,3,,,,,,2,,,,,,,,,,,1,
0272013kx13003,金桥大道与兴业路路口,588,0272013kx13003,3,0,信号机,,,,,4,,,,,,,,,,,1,
0272013kx13004,金桥大道与正义路路口,589,0272013kx13004,3,,信号机,,,,,1,,,,,,,,,,,1,
0272013kx13005,黄浦大街与九万方路路口,590,0272013kx13005,3,,信号机,,,,,2,,,,,,,,,,,1,
0272013kx13006,黄浦大街与建设大道路口,591,0272013kx13006,3,0,信号机,,,,,2,,,,,,,,,,,1,
4.201E+17,民主路解放路路口（司门口）,100,0272012ZM12309,2,0,信号机,,,,2,2,,,,,,,,,,,1,
4.201E+17,解放路中山路丁字路口,102,0272012ZM12310,2,,信号机,,,,2,2,,,,,,,,,,,1,
4.201E+17,台北路台北一路,69,0272012HY12014,1,0,信号机,,,,2,4,upload/20140910103020/14台北路台北一路.jpg,,,,,,,,,,1,
4.201E+17,民主路民主三巷（胖锅轩）,103,0272012ZM12312,2,0,信号机,,,,2,2,,,,,,,,,,,1,
4.201E+17,金门路,70,0272012HY12015,1,2,信号机,,,,2,1,upload/20140910103318/15金门路路段（单行线）.jpg,,,,,,,,,,0,
4.201E+17,中山路友谊大道,105,0272012ZM12313,2,0,信号机,,,,2,2,,,,,,,,,,,1,
4.201E+17,静安路北安街,104,0272012ZM12314,2,0,信号机,,,,2,2,,,,,,,,,,,1,
4.201E+17,静安路福安街,106,0272012ZM12315,2,0,信号机,,,,2,2,,,,,,,,,,,1,
4.201E+17,解放大道长丰大道,71,0272012HY12016,,0,信号机,,,,2,3,upload/20140910104020/16解放大道长丰路.jpg,,,,,,,,,,1,
4.201E+17,丁字桥大浪淘沙门口,107,0272012ZM12316,2,0,信号机,,,,2,1,,,,,,,,,,,1,
4.201E+17,解放大道工农路,72,0272012HY12017,1,0,,,,,2,2,upload/20140910104236/17解放大道工农路.jpg,,,,,,,,,,1,
4.201E+17,高新大道省体校门口LF,245,0272012LF12141,3,0,,,,,,2,,,,,,,,,,,1,
4.201E+17,107国道新沟桥中队门前LF,269,0272012LF12145,4,0,,,,,,2,,,,,,,,,,,1,
4.201E+17,罗七路汉阳大道北LF,241,0272012LF12149,2,0,,,,,,1,,,,,,,,,,,1,
4.201E+17,解放大道汉宜路西(至汉西路)LF,237,0272012LF12151,2,0,,,,,,1,,,,,,,,,,,1,
4.201E+17,解放大道台北路东LF,254,0272012LF12112,1,0,,,,,,2,,,,,,,,,,,1,
4.201E+17,和平大道建设九路_进城LF,231,0272012LF12136,3,0,,,,,,1,,,,,,,,,,,1,
4.201E+17,友谊大道工业三路口,1041,11101,3,0,,,,,,2,,,,,,,,,,,1,
4.201E+17,友谊大道123街坊人行道,1042,11102,3,0,,,,,,2,,,,,,,,,,,1,
4.201E+17,冶金大道_工业三路口,1044,11155,3,0,,,,,,2,,,,,,,,,,,1,
0272013kx13002,金桥大道与后湖大道,587,0272013kx13002,3,0,信号机,,,,,4,,,,,,,,,,,1,
4.201E+17,和平大道建设三路口,1046,11106,,0,,,,,,2,,,,,,,,,,,1,
4.201E+17,工业路恩施街路口,1049,11109,3,0,,,,,,2,,,,,,,,,,,1,
4.201E+17,工业二路随州街路口,1050,11110,3,0,,,,,,2,,,,,,,,,,,1,
4.201E+17,工业二路恩施街路口（,1051,11111,3,0,,,,,,2,,,,,,,,,,,1,
4.201E+17,临江大道四马路口,1055,11117,1,0,,,,,,2,,,,,,,,,,,1,
4.201E+17,临江大道大成路口,1056,11118,1,0,,,,,,2,,,,,,,,,,,1,
4.201E+17,临江大道南湾俊园人行横道,1057,11119,1,0,,,,,,2,,,,,,,,,,,1,
4.201E+17,三环线青菱立交_东3.5KMLF,263,0272012LF12109,1,0,,,,,,2,,,,,,,,,,,1,
4.201E+17,解放大道万松园路（外环）LF,239,0272012LF12117,1,0,,,,,,1,,,,,,,,,,,1,
4.201E+17,友谊南路满春街_至晴川桥LF,264,0272012LF12119,1,0,,,,,,1,,,,,,,,,,,1,
4.201E+17,三民路(中山大道至沿河大道)LF,52,0272012LF12121,1,0,,,,,,1,,,,,,,,,,,1,
4.201E+17,沿河大道(~口路至崇仁路)LF,163,0272012LF12122,2,0,,,,,,1,,,,,,,,,,,1,
4.201E+17,白沙洲大道_三环线_北200M_进城LF,226,0272012LF12134,3,0,,,,,,1,,,,,,,,,,,1,
4.201E+17,和平大道粮道街中学人行,1058,11120,1,3,,,,,,2,,,,,,,,,,,1,
4.201E+17,平安路瑞安街,1059,11121,3,0,,,,,,2,,,,,,,,,,,1,
4.201E+17,沙湖大道东湖西路,1061,11152,1,,,,,,,2,,,,,,,,,,,1,
4.201E+17,中北路岳家嘴,1119,11124,1,2,,,,,,2,,,,,,,,,,,0,
0272011TS10003,八一路_阳光路TS,572,0272011TS10003,3,0,信号机取电,,,,2,2,upload/20141231/20141231142022bayiluyangguanlu.jpg,,upload/20141231/20141231142108E.jpg,,,,upload/20141231/20141231142116W.jpg,,,,1,
0272011TS10004,八一路_沙湾路TS,573,0272011TS10004,2,0,信号机取电,,,,2,2,upload/20141231/20141231141834bayilushawanlu.jpg,,upload/20141231/20141231141901bayilushawanluE.jpg,,,,upload/20141231/20141231141909bayilushawanluW.jpg,,,,1,
0272011XX10000,沿江大道黎黄陂路,1163,0272011XX10000,1,,,,,,,1,,,,,,,,,,,1,
0272014bk10007,金桥大道_三环线_进城出城bk,1166,0272014bk10007,3,0,,,,,,2,upload/20141210/20141210105614jinqiaodadao.jpg,,,,,,,,,,1,
0272014LF14023,发展大道中一路路段LF,1015,0272014LF14023,,0,诱导屏取电,,,,,2,upload/20140930161914/2.jpg,,upload/20140930162742/东DSCN4586.JPG,,,,upload/20140930162742/西DSCN4589.JPG,,,,1,交换机，光收发器
4.201E+17,京汉大道_交易路口,1020,12019,1,0,,,,,,2,,,,,,,,,,,1,
4.201E+17,百步亭花园路安居路,1036,12049,,0,,,,,,2,,,,,,,,,,,1,
4.201E+17,汉阳大道西桥路口,1037,12051,2,0,,,,,,2,,,,,,,,,,,1,
4.201E+17,安居路幸福街,1038,12052,,0,,,,,,2,,,,,,,,,,,1,
4.201E+17,常青三路新湾一路,1039,12053,3,0,,,,,,4,,,,,,,,,,,1,
4.201E+17,鹦鹉大道翠微路口,1107,12046,2,0,,,,,,2,,,,,,,,,,,1,
4.201E+17,南泥湾大道丰硕路口,1108,12043,3,0,,,,,,4,,,,,,,,,,,1,
0272013TS10016,徐东大街(销品茂至宏昌路)TS,585,0272013TS10016,2,0,信号机取电,,,,2,1,upload/20141231/20141231143851wuhandaodahongchanglukougongjiaolukou.jpg,,,,,,,,upload/20141231/20141231143905hongc.jpg,,1,
0272013TS10017,徐东大街(火车头体育场至徐东平价商场)TS,520,0272013TS10017,2,,信号机取电,,,,2,1,upload/20150106/20150106155144wuhandadaohuochetou.jpg,,,,upload/20150106/20150106155213huo.jpg,,,,,,1,
0272013TS10018,徐东大街（徐东嘉园至团结大道）TS,521,0272013TS10018,2,0,,,,,,1,,,,,,,,,,,1,
0272013TS10021,武汉大道(梨园转盘至华电小区)TS,524,0272013TS10021,2,,信号机取电,,,,2,1,upload/20150106/20150106155308wuhandadaohuadianxiaolu.jpg,,,,upload/20150106/20150106155319h.jpg,,,,,,1,
0272014TS10035,东湖路_天鹅路路口TS,1111,0272014TS10035,2,0,信号机取电,,,,2,3,upload/20150113/20150113145953donghulutianelu.jpg,,upload/20150113/20150113150041e.jpg,,upload/20150113/20150113150022s.jpg,,upload/20150113/20150113150031w.jpg,,,,1,
0272014TS10037,洪山路_惠明路路口TS,1113,0272014TS10037,2,0,信号机取电,,,,2,3,upload/20150113/20150113150154hongshanluhuiminglu.jpg,,,,upload/20150113/20150113150209s.jpg,,upload/20150113/20150113150215w.jpg,,upload/20150113/20150113150201n.jpg,,1,
0272014TS10038,洪山路_水果湖横路路口TS,1114,0272014TS10038,2,0,信号机取电,,,,2,2,upload/20150113/20150113150234hongshanlushuoguohuhenglu.jpg,,,,upload/20150113/20150113150245s.jpg,,,,upload/20150113/20150113150240n.jpg,,1,
0272014TS10039,八一路_珞狮北路路口TS,1115,0272014TS10039,2,0,信号机取电,,,,2,4,upload/20150113/20150113150341bayiluluoshibeilu.jpg,,upload/20150113/20150113150524e.jpg,,upload/20150113/20150113150502s.jpg,,upload/20150113/20150113150508w.jpg,,upload/20150113/20150113150448n.jpg,,1,
4.201E+17,关山大道_华夏学院_进城LF,229,0272012LF12139,3,0,红绿灯取电,,,,,1,,,,,,,,,,,1,
4.201E+17,东三环_白云路匝道(武汉站)LF,227,0272012LF12137,3,0,,,,,,2,,,,,,,,,,,1,
4.201E+17,解放大道台北路,238,12013,2,0,,,,,,,,,,,,,,,,,1,
4.201E+17,解放大道香港路,277,12014,2,0,,,,,,,,,,,,,,,,,1,
11122,平安路雅安街,10053,11122,3,0,,,,,,2,,,,,,,,,,,1,
272014GGZN14012,鹦鹉洲长江大桥汉阳侧,10056,0272014GG14012,2,0,,,,,,2,,,,,,,,,,,1,
0272014JY00030,京汉大道前进一路JY,10058,0272014JY00014,1,0,,,,,1,2,,,upload/20150410/20150410151639d.jpg,,,,upload/20150410/20150410151644x.jpg,,,,1,
0272014JY00102,南湖大道华农北门路口,10059,0272014JY00102,3,0,,,,,1,2,,,,,,,,,,,0,
620011020,沿江大道三阳道JY,10060,620011020,2,0,,,,,,0,,,,,,,,,,,0,
706761002,三眼桥三眼桥北路,10061,706761002,2,,,,,,1,2,,,,,,,,,,,1,
0272014JY00098,工业路随州街JY,10062,0272014JY00101,3,0,,,,,1,2,,,,,upload/20150411/20150411102622n.jpg,,,,upload/20150411/20150411102617b.jpg,,1,
0272014JY00010,沿江大道卢沟桥路JY,10063,0272014JY00007,2,0,,,,,1,2,,,,,,,,,,,0,
0272014JY00012,临江大道彭刘杨西路JY,10064,0272014JY00016,3,0,,,,,1,2,,,,,upload/20150410/20150410135829n.jpg,,,,upload/20150410/20150410135821b.jpg,,1,
0272014JY00092,工业二路黄州街JY,10065,0272014JY00038,3,0,,,,,1,2,,,upload/20150410/20150410120434dong.jpg,,,,upload/20150410/20150410120442xi.jpg,,,,1,
0272014JY00008,沿江大道天津路JY,10068,0272014JY00008,2,0,,,,,1,3,,,,,upload/20150410/20150410151821n.jpg,,upload/20150410/20150410151832x.jpg,,upload/20150410/20150410151807b.jpg,,1,
0272014JY00005,澳门路光华路JY,10069,0272014JY00005,2,0,,,,,1,2,,,upload/20150410/20150410151925d.jpg,,,,upload/20150410/20150410151928x.jpg,,,,1,
0272014JY00013,沿江大道民权路JY,10070,0272014JY00013,2,0,,,,,1,2,,,,,upload/20150410/20150410152102n.jpg,,,,upload/20150410/20150410152058b.jpg,,1,
0272014JY00003,汉蔡路扁担山JY,10073,0272014JY00003,2,0,,,,,1,2,,,upload/20150410/20150410134622d.jpg,,,,upload/20150410/20150410134627x.jpg,,,,1,
0272014JY00011,新华路北湖正街JY,10076,0272014JY00011,2,0,,,,,1,2,,,,,upload/20150410/20150410140827n.jpg,,,,upload/20150410/20150410140822b.jpg,,1,
0272014JY00015,彭刘杨路解放路JY,10078,0272014JY00015,2,0,,,,,1,2,,,upload/20150411/20150411102805d.jpg,,,,upload/20150411/20150411102809x.jpg,,,,1,
0272014JY00019,沿河大道双厂巷JY,10080,0272014JY00019,2,0,,,,,1,2,,,upload/20150410/20150410152147d.jpg,,,,upload/20150410/20150410152151x.jpg,,,,1,
0272014JY00020,友谊大道才林路JY,10081,0272014JY00020,2,0,,,,,1,2,,,,,upload/20150410/20150410141344n.jpg,,,,upload/20150410/20150410141341b.jpg,,1,
0272014JY00021,沿河大道崇仁路JY,10082,0272014JY00021,2,0,,,,,1,2,,,upload/20150410/20150410152236d.jpg,,,,upload/20150410/20150410152239x.jpg,,,,1,
0272014JY00022,友谊大道铁机路JY,10083,0272014JY00022,2,0,,,,,1,2,,,,,upload/20150410/20150410142043n.jpg,,,,upload/20150410/20150410142039b.jpg,,1,
0272014JY00024,友谊大道武车路JY,10084,0272014JY00024,2,0,,,,,1,1,,,,,,,,,upload/20150410/20150410142133b.jpg,,1,
14001,武咸公路红霞物流,1106,14001,,,,,,,,2,,,,,,,,,,,1,
12108,京汉大道南京路口,1019,12018,1,0,,,,,,2,,,,,,,,,,,1,
11149,静安路南安街,10010,11149,,3,,,,,,2,,,,,,,,,,,1,
272014GGZN14001,天兴洲大桥桥中,10013,272014GGZN14001,5,0,,,,,,2,,,,,,,,,,,1,
272014GGZN14002,天兴洲大桥青山侧,10014,272014GGZN14002,5,0,,,,,,2,,,,,,,,,,,1,
0272011TS10006,八一路_延长线沙湾卡口TS,575,0272011TS10006,2,0,信号机取电,,,,2,2,upload/20141231/20141231141935bayilushawankakou.jpg,,upload/20141231/20141231141952bayilushawanlukakouE.jpg,,,,upload/20141231/20141231141958bayilushawanlukakouW.jpg,,,,1,
0272011xx10005,沿江大道五福路,10019,0272011xx10005,1,4,,,,,,2,,,,,,,,,,,1,
0272011xx10006,沿江大道蔡锷路,10020,0272011xx10006,1,0,,,,,,2,,,,,,,,,,,1,
0272011xx10007,建设大道黄孝河路,10021,0272011xx10007,2,0,红绿灯机柜,,,,,1,,,,,,,,,,,1,
0272011xx10008,解放公园惠济路,10022,0272011xx10008,2,,,,,,,2,,,,,,,,,,,1,
0272011xx10009,长港路新湾一路,10023,0272011xx10009,3,0,,,,,,2,,,,,,,,,,,1,
0272011xx10010,新湾五路常青三路,10024,0272011xx10010,3,0,,,,,,2,,,,,,,,,,,1,
0272011xx10011,新华路黄孝北路,10025,0272011xx10011,2,0,,,,,,2,,,,,,,,,,,1,
0272011xx10012,长江日报路菱角湖路,10026,0272011xx10012,2,,,,,,,2,,,,,,,,,,,1,
0272011xx10013,金墩街常青一路,10027,0272011xx10013,3,0,,,,,,1,,,,,,,,,,,1,
0272011xx10015,新华路马场角,10028,0272011xx10015,3,0,,,,,,2,,,,,,,,,,,1,
0272011xx10014,雪松路劲松巷,10029,0272011xx10014,2,0,,,,,,2,,,,,,,,,,,1,
0272011xx10016,前进二路民主一街,10030,0272011xx10016,1,,,,,,,2,,,,,,,,,,,1,
0272011xx10017,新湾一路常青五路,10031,0272011xx10017,3,0,,,,,,2,,,,,,,,,,,1,
0272011xx10018,新湾五路常青五路,10032,0272011xx10018,3,0,,,,,,2,,,,,,,,,,,1,
0272011xx10031,游艺路顺道街路,10046,0272011xx10031,1,3,,,,,,,,,,,,,,,,,0,
0272011xx10032,游艺路顺道街路,10047,0272011xx10032,1,3,红绿灯机柜,,,,,,,,,,,,,,,,1,
0272011xx10033,利济北路顺道街路,10048,0272011xx10033,1,3,红路灯机柜,,,,,,,,,,,,,,,,1,
0272011xx10034,玫瑰街永丰路,10049,0272011xx10034,2,4,红路灯机柜,,,,,2,,,,,,,,,,,1,
0272011xx10035,金龙路玫瑰街路口,10050,0272011xx10035,3,4,红路灯机柜,,,,,2,,,,,,,,,,,1,
0272011xx10036,知音大道龙灯堤路口,10051,0272011xx10036,2,,,,,,,1,,,,,,,,,,,1,
0272011xx10037,知音大道月湖桥东翼道口,10052,0272011xx10037,2,0,红路灯机柜,,,,,3,,,,,,,,,,,1,
4.201E+17,京汉大道黄石路口,166,0272012XX12201,1,0,红路灯机柜,,,,,3,,,,,,,,,,,1,
4.201E+17,中山大道南京路口,167,0272012XX12202,1,3,,,,,,2,,,,,,,,,,,1,
4.201E+17,中山大道黄兴路,168,0272012XX12203,1,0,红路灯机柜,,,,,2,,,,,,,,,,,1,
4.201E+17,中山大道车站路口 ,169,0272012XX12204,1,0,红路灯机柜,,,,,2,,,,,,,,,,,1,
4.201E+17,后湖大道后湖四路,170,0272012XX12205,3,0,红路灯机柜,,,,,2,,,,,,,,,,,1,
4.201E+17,友谊路民主街,171,0272012XX12206,1,0,红路灯机柜,,,,,2,,,,,,,,,,,1,
4.201E+17,沿江大道民生路,172,0272012XX12207,1,0,红路灯机柜,,,,,2,,,,,,,,,,,1,
0272014HY10002,解放大道_黄浦路二层高架,10006,0272014HY10002,1,0,监控点取电,,,,2,2,,,,,,,,,,,1,
0272014HY12001,琴台大道_三环线米粮村卡口,10007,0272014HY12001,5,0,,,,,,1,,,,,,,,,,,1,
4.201E+17,书城路文惠街路口,144,0272012ZM12333,3,0,,,,,2,,,,,,,,,,,,1,
问问,测试1,10008,问问,,,,,,,,2,,,,,,,,,,,0,
4.201E+17,沿江大道_民生路西50MLF,160,0272012LF12120,1,,,,,,,,,,,,,,,,,,1,
2222222222,后湖,10009,2222222222,,,,,,,,2,,,,,,,,,,,0,
4.201E+17,水果湖路水果湖横路,11,11127,,0,,,,,,3,,,,,,,,,,,1,
4.201E+17,东湖路水果湖横路,9,11128,1,0,,,,,,3,,,,,,,,,,,1,
11134,文馨街文昌路,10011,11134,3,3,,,,,,2,,,,,,,,,,,1,
11135,文治街文昌路,10012,11135,3,3,,,,,,2,,,,,,,,,,,1,
0272010TS10013,徐东大街_团结大道路口TS,582,0272010TS10013,2,0,信号机取电,,,,2,4,upload/20141231/20141231144012xudongdajietuanjiedadao.jpg,,upload/20141231/20141231144417tuanjieE.jpg,,upload/20141231/20141231144409tuanjie.jpg,,upload/20141231/20141231144353tuanjieW.jpg,,upload/20141231/20141231144346tuanjieN12.jpg,,1,
0272011TS10002,八一路_卓北路TS,571,0272011TS10002,2,0,信号机取电,,,,2,4,upload/20141231/20141231144627bayiluzhuobeilu.jpg,,"upload/20141231/20141231111906涓璺璺涓瑗？.jpg,upload/20141231/20141231114101bayiluzhuobeiluE.jpg,upload/20141231/20141231114253bayiluzhuobeiluE.jpg",,"upload/20141231/20141231111949涓璺璺？.jpg,upload/20141231/20141231114054bayiuzhuobeiluS.jpg,upload/20141231/20141231114317bayiuzhuobeiluS.jpg",,upload/20141231/20141231144648bayiluzhuobeiluW.jpg,,upload/20141231/20141231144655bayiluzhuobeiluE.jpg,,1,
0272012TS10027,二环线(高架)_友谊大道(罗家港)卡口TS,10004,0272012TS10027,2,0,信号机取电,,,,2,2,upload/20150106/20150106155820wuhandadaoluojiagang.jpg,,,,upload/20150106/20150106155833S.jpg,,,,upload/20150106/20150106155827N.jpg,,1,
0272011xx10001,兴业路百步亭花园路,10015,0272011xx10001,3,0,,,,,,2,,,,,,,,,,,1,
0272011xx10002,兴业路温馨路,10016,0272011xx10002,3,4,,,,,,2,,,,,,,,,,,1,
0272011xx10003,胜利街六合路,10017,0272012XX12200,3,0,红路灯机柜,,,,,2,,,,,,,,,,,1,
0272011xx10004,兴业路后湖五路,10018,0272011xx10004,3,,,,,,,3,,,,,,,,,,,1,
0272011xx10019,解放大道新加地小学,10033,0272011xx10019,3,0,,,,,,2,,,,,,,,,,,1,
0272011xx10020,解放大道丰硕路,10034,0272011xx10020,3,0,,,,,,2,,,,,,,,,,,1,
0272011xx10021,解放大道古田四路,10035,0272011xx10021,3,0,,,,,,4,,,,,,,,,,,1,
0272011xx10022,解放大道古田一路,10036,0272011xx10022,3,0,,,,,,2,,,,,,,,,,,1,
0272011xx10023,解放大道古田三路,10037,0272011xx10023,3,0,,,,,,2,,,,,,,,,,,1,
0272011xx10024,解放大道远大路,10038,0272011xx10024,3,0,,,,,,2,,,,,,,,,,,1,
0272011xx10025,沿河大道多福路口,10039,0272011xx10025,1,0,,,,,,2,,,,,,,,,,,1,
0272011xx10026,沿河大道古田路口,10040,0272011xx10026,3,0,,,,,,3,,,,,,,,,,,1,
0272011xx10027,沿河大道汉宜路口,10041,0272011xx10027,2,0,,,,,,2,,,,,,,,,,,1,
0272011xx10028,沿河大道利济南路口  ,10042,0272011xx10028,1,0,,,,,,2,,,,,,,,,,,1,
0271011xx10003,高雄路台北一路,10043,0271011xx10003,2,3,红绿灯机柜,,,,,2,,,,,,,,,,,1,
0272011xx10030,球场路苗栗路,10044,0272011xx10029,2,,红绿灯机柜,,,,,3,,,,,,,,,,,1,
0272011xx10031,黄孝西路西北湖路,10045,0272011xx10030,3,,红绿灯机柜,,,,,2,,,,,,,,,,,1,
272014GGZN14013,鹦鹉洲长江大桥武昌侧,10057,0272014GG14013,2,0,,,,,,2,,,,,,,,,,,1,
0272014JY00031,友谊大道武昌大队JY,10091,0272014JY00031,2,0,,,,,1,2,,,,,upload/20150410/20150410142331n.jpg,,,,upload/20150410/20150410142328b.jpg,,1,
0272014JY00032,临江大道中华路JY,10092,0272014JY00032,2,0,,,,,1,2,,,,,upload/20150410/20150410135927n.jpg,,,,upload/20150410/20150410135924b.jpg,,1,
0272014JY00035,光谷大道高新四路JY,10095,0272014JY00035,3,0,,,,,1,2,,,,,upload/20150410/20150410134306n.jpg,,,,upload/20150410/20150410134301b.jpg,,1,
0272014JY00036,光谷大道凌家山北路JY,10096,0272014JY00036,3,0,,,,,1,2,,,,,upload/20150410/20150410134417n.jpg,,,,upload/20150410/20150410134412b.jpg,,1,
0272014JY00037,光谷大道武汉传媒学院JY,10097,0272014JY00037,3,0,,,,,1,2,,,,,upload/20150410/20150410121352nan.jpg,,,,upload/20150410/20150410121343bei.jpg,,1,
0272014JY00054,建设八路红钢三街JY,10111,0272014JY00054,3,0,,,,,1,2,,,,,upload/20150411/20150411103155n.jpg,,,,upload/20150411/20150411103149b.jpg,,1,
0272014JY00055,冶金大道工人村路JY,10112,0272014JY00055,3,0,,,,,1,2,,,upload/20150410/20150410141026d.jpg,,,,upload/20150410/20150410141032x.jpg,,,,1,
0272014JY00057,冶金大道工业二路JY,10113,0272014JY00057,3,0,,,,,1,2,,,upload/20150410/20150410141219d.jpg,,,,upload/20150410/20150410141224x.jpg,,,,1,
0272014JY00062,新华路马场角路JY,10115,0272014JY00062,2,0,,,,,1,2,,,,,,,upload/20150410/20150410152619x.jpg,,upload/20150410/20150410152625b.jpg,,1,
0272014JY00065,红旗渠路新湾三路JY,10116,0272014JY00065,2,0,,,,,1,2,,,upload/20150411/20150411111108d.jpg,,,,upload/20150411/20150411111112x.jpg,,,,1,
0272014JY00068,沿河大道古田四路JY,10117,0272014JY00068,2,0,,,,,1,2,,,upload/20150410/20150410152857d.jpg,,,,upload/20150410/20150410152851x.jpg,,,,1,
0272014JY00076,黄孝河路江大路JY,10121,0272014JY00076,2,0,,,,,1,2,,,upload/20150410/20150410153100d.jpg,,,,upload/20150410/20150410153104x.jpg,,,,1,
0272014JY00023,友谊大道新生路JY,10127,0272014JY00023,2,0,,,,,1,2,,,,,,,upload/20150410/20150410142241x.jpg,,upload/20150410/20150410142227b.jpg,,1,
2,洪山广场,10151,1,,,,,,,,,,,,,,,,,,,1,
12,长江大桥汉阳桥头,10153,12,1,0,,,,,,,,,,,,,,,,,1,
13,长江大桥汉阳引桥,10154,13,1,0,,,,,,,,,,,,,,,,,1,
14,龟山中,10155,14,1,0,,,,,,,,,,,,,,,,,1,
105,金马凯旋楼顶,10158,105,1,0,,,,,,,,,,,,,,,,,1,
2,省政府大门,10162,2,,0,,,,,,,,,,,,,,,,,1,
3,洪山广场隧道南,10163,3,1,0,,,,,,,,,,,,,,,,,1,
320,环湖路鹅嘴路口,10317,320,3,,,,,,,,,,,,,,,,,,1,
90,解放大道水厂路口,10318,90,2,,,,,,,,,,,,,,,,,,1,
321,梨园正门,10319,321,3,3,,,,,,,,,,,,,,,,,1,
91,建设大道航空路口,10320,91,2,,,,,,,,,,,,,,,,,,1,
322,中山路张之洞路口,10321,322,,0,,,,,,,,,,,,,,,,,1,
92,建设大道宝丰路口,10322,92,2,,,,,,,,,,,,,,,,,,1,
323,中山路隧道西进口,10323,323,1,0,,,,,,,,,,,,,,,,,1,
324,中山路雄楚大道立交,10324,324,1,0,,,,,,,,,,,,,,,,,1,
93,建设大道峡谷段,10325,93,2,,,,,,,,,,,,,,,,,,1,
365,武珞路光谷会展中心,10326,365,,0,,,,,,,,,,,,,,,,,1,
366,武珞路邮科院出口,10327,366,,0,,,,,,,,,,,,,,,,,1,
367,鲁巷广场段,10328,367,,0,,,,,,,,,,,,,,,,,1,
368,华中科技大学正门,10329,368,,0,,,,,,,,,,,,,,,,,1,
370,团结大道建十路口,10330,370,3,0,,,,,,,,,,,,,,,,,1,
371,友谊大道建二路口,10331,371,3,0,,,,,,,,,,,,,,,,,1,
369,丁字桥文安路口,10332,369,3,3,,,,,,,,,,,,,,,,,1,
4.201E+17,民权路黄陂街口,173,0272012XX12208,1,0,红路灯机柜,,,,,2,,,,,,,,,,,1,
4.201E+17,友谊南路满春街路口,224,0272012XX12209,1,0,红路灯机柜,,,,,2,,,,,,,,,,,1,
4.201E+17,京汉大道友谊路路,174,0272012XX12210,1,0,红路灯机柜,,,,,2,,,,,,,,,,,1,
4.201E+17,京汉大道前进五路,175,0272012XX12211,1,0,,,,,,2,,,,,,,,,,,1,
4.201E+17,新华路长江日报路,176,0272012XX12212,2,0,红路灯机柜,,,,,2,,,,,,,,,,,1,
4.201E+17,香港路菱角湖路,177,0272012XX12213,,0,红路灯机柜,,,,,2,,,,,,,,,,,1,
4.201E+17,解放大道宝丰路,179,0272012XX12215,1,0,红路灯机柜,,,,,3,,,,,,,,,,,1,
4.201E+17,汉西三路汉西一路,181,0272012XX12218,2,0,红路灯机柜,,,,,2,,,,,,,,,,,1,
4.201E+17,鹦鹉大道汉新大道路口,182,0272012XX12219,3,0,红路灯机柜,,,,,3,,,,,,,,,,,1,
4.201E+17,中山大道利济路,178,0272012XX12214,1,,红路灯机柜,,,,,3,,,,,,,,,,,0,
701301002,滨江大道龟北路,10054,701301002,,,,,,,,1,,,,,,,,,,,1,
32,长江二桥汉口桥头堡,10194,32,1,0,,,,,,,,,,,,,,,,,1,
16,江汉一桥全景,10152,16,1,0,,,,,,,,,,,,,,,,,1,
15,龟山尾,10156,15,1,0,,,,,,,,,,,,,,,,,1,
42,汉阳大道钟家村路段,10157,42,1,0,,,,,,,,,,,,,,,,,1,
106,马沧湖路动物园路口,10159,106,2,0,,,,,,,,,,,,,,,,,1,
145,二桥路琴台路口,10160,145,1,0,,,,,,,,,,,,,,,,,1,
146,二桥路玫瑰园路口,10161,146,2,0,,,,,,,,,,,,,,,,,1,
4,武珞路中南路口,10164,4,,3,,,,,,,,,,,,,,,,,1,
150,汉阳大道罗七路口,10166,150,2,0,,,,,,,,,,,,,,,,,1,
155,琴台路五琴路段,10171,155,2,0,,,,,,,,,,,,,,,,,1,
156,江城大道琴台路口,10172,156,2,0,,,,,,,,,,,,,,,,,1,
157,琴台路罗七路口,10173,157,2,0,,,,,,,,,,,,,,,,,1,
158,琴台路赫山路口,10174,158,2,0,,,,,,,,,,,,,,,,,1,
159,汉阳大道汉阳火车站段,10175,208,2,0,,,,,,,,,,,,,,,,,1,
160,鹦鹉大道拦江堤路,10176,160,2,0,,,,,,,,,,,,,,,,,1,
161,汉阳大队门前,10177,161,3,0,,,,,,,,,,,,,,,,,1,
162,江城大道墨水湖大桥北,10178,162,3,0,,,,,,,,,,,,,,,,,1,
163,扁担山陵园处,10179,163,3,0,,,,,,,,,,,,,,,,,1,
180,汉蔡路金龙路路口,10180,180,3,0,,,,,,,,,,,,,,,,,1,
33,长江二桥汉口铁索,10195,33,,0,,,,,,,,,,,,,,,,,1,
35,长江二桥和平大道路口,10196,35,,0,,,,,,,,,,,,,,,,,1,
36,徐东大街友谊大道段,10197,36,3,0,,,,,,,,,,,,,,,,,1,
37,徐东大街团结大道段,10198,37,3,0,,,,,,,,,,,,,,,,,1,
38,岳家嘴立交桥上,10199,38,3,0,,,,,,,,,,,,,,,,,1,
39,中北路楚汉路,10200,39,3,0,,,,,,,,,,,,,,,,,1,
40,中北路公正路 ,10201,40,3,0,,,,,,,,,,,,,,,,,1,
41,中北路东湖路段,10202,41,2,0,,,,,,,,,,,,,,,,,1,
0272014JY00040,中山路和平大道JY,10066,0272014JY00018,3,0,,,,,1,2,,,upload/20150410/20150410142431d.jpg,,,,upload/20150410/20150410142435x.jpg,,,,1,
0272014JY00027,沿河大道古田三路JY,10087,0272014JY00027,2,0,,,,,1,2,,,upload/20150410/20150410153209d.jpg,,,,upload/20150410/20150410153214x.jpg,,,,1,
0272014JY00028,解放大道海工大JY,10088,0272014JY00028,2,0,,,,,1,2,,,upload/20150410/20150410153252d.jpg,,,,upload/20150410/20150410153255x.jpg,,,,1,
0272014JY00051,中山大道崇仁路JY,10108,0272014JY00051,2,0,,,,,1,2,,,upload/20150411/20150411125416d.jpg,,,,upload/20150411/20150411125421x.jpg,,,,1,
0272014JY00053,和平大道建设二路JY,10110,0272014JY00053,2,0,,,,,1,2,,,upload/20150411/20150411103332d.jpg,,,,upload/20150411/20150411103340x.jpg,,,,1,
66,长江一桥解放路桥上,10203,66,1,0,,,,,,,,,,,,,,,,,1,
110,友谊大道厂前路口,10209,110,4,0,,,,,,,,,,,,,,,,,1,
111,冶金大道企业路口,10210,111,4,0,,,,,,,,,,,,,,,,,1,
112,冶金大道天兴洲段,10211,112,4,0,,,,,,,,,,,,,,,,,1,
113,冶金大道青山大队,10212,113,3,0,,,,,,,,,,,,,,,,,1,
114,冶金大道工业四路口,10213,114,3,0,,,,,,,,,,,,,,,,,1,
115,冶金大道工业二路口,10214,115,3,0,,,,,,,,,,,,,,,,,1,
116,和平大道工人村路口,10215,116,4,4,,,,,,,,,,,,,,,,,1,
119,和平大道建八路口,10218,119,3,0,,,,,,,,,,,,,,,,,1,
120,和平大道建七路口,10219,120,3,0,,,,,,,,,,,,,,,,,1,
121,和平大道建五路口,10220,121,3,0,,,,,,,,,,,,,,,,,1,
122,八大家转盘,10221,122,3,0,,,,,,,,,,,,,,,,,1,
123,和平大道建二路口,10222,123,3,3,,,,,,,,,,,,,,,,,1,
124,和平大道建一路口,10223,124,3,3,,,,,,,,,,,,,,,,,1,
127,和平大道才华街口,10224,127,2,,,,,,,,,,,,,,,,,,1,
128,友谊大道三环线段,10225,128,5,0,,,,,,,,,,,,,,,,,1,
129,友谊大道工业四路,10226,129,3,0,,,,,,,,,,,,,,,,,1,
130,友谊大道工业二路口,10227,130,3,0,,,,,,,,,,,,,,,,,1,
131,友谊大道工业一路口,10228,131,3,0,,,,,,,,,,,,,,,,,1,
132,友谊大道建三路口,10229,132,3,0,,,,,,,,,,,,,,,,,1,
133,友谊大道建一路口,10230,133,3,0,,,,,,,,,,,,,,,,,1,
134,友谊大道园林路口,10231,134,3,0,,,,,,,,,,,,,,,,,1,
135,友谊大道铁机路口,10232,135,2,0,,,,,,,,,,,,,,,,,1,
136,友谊大道纺机路口,10233,136,2,0,,,,,,,,,,,,,,,,,1,
137,友谊大道才华街口,10234,137,2,0,,,,,,,,,,,,,,,,,1,
139,友谊大道秦园路口,10235,139,2,2,,,,,,,,,,,,,,,,,1,
140,武青四干道秦园路口,10236,140,2,,,,,,,,,,,,,,,,,,1,
143,首义广场北路弯道,10237,143,2,0,,,,,,,,,,,,,,,,,0,
141,首义广场北路弯道,10238,141,1,0,,,,,,,,,,,,,,,,,1,
142,长江大桥下桥匝道,10239,142,1,0,,,,,,,,,,,,,,,,,1,
176,和平大道积玉桥路口,10245,176,1,0,,,,,,,,,,,,,,,,,1,
178,解放路张之洞路口,10247,178,1,0,,,,,,,,,,,,,,,,,1,
17,中山大道武胜路口,10248,17,1,,,,,,,,,,,,,,,,,,1,
18,中山大道利济路口,10249,18,1,,,,,,,,,,,,,,,,,,1,
0272014JY00001,滨江大道龟北路JY,10071,0272014JY00001,2,0,,,,,1,2,,,,,upload/20150411/20150411151842n.jpg,,,,upload/20150411/20150411151838b.jpg,,1,
0272014JY00002,琴台路五琴路JY,10072,0272014JY00002,2,0,,,,,1,2,,,upload/20150410/20150410140441d.jpg,,,,upload/20150410/20150410140448x.jpg,,,,1,
0272014JY00010,解放大道江汉路JY,10075,0272014JY00010,2,0,,,,,1,2,,,,,upload/20150410/20150410135549n.jpg,,,,upload/20150410/20150410135544b.jpg,,1,
0272014JY00033,关山大道创业街JY,10093,0272014JY00033,3,0,,,,,,2,,,,,"upload/20150410/20150410113314？2告3？1绠.jpg,upload/20150410/20150410113740nan.jpg",,,,upload/20150410/20150410113815bei.jpg,,1,
0272014JY00043,华师园路华师一附中北门JY,10101,0272014JY00043,3,0,,,,,1,2,,,upload/20150410/20150410135232d.jpg,,,,upload/20150410/20150410135238x.jpg,,,,1,
0272014JY00044,民族大道政法学院大门口JY,10102,0272014JY00044,3,0,,,,,1,2,,,,,,,,,,,0,
0272014JY00045,友谊大道工业二路JY,10103,0272014JY00045,3,0,,,,,1,2,,,upload/20150410/20150410141808d.jpg,,,,upload/20150410/20150410141812x.jpg,,,,1,
0272014JY00046,沿江大道三阳路JY,10104,0272014JY00046,2,0,,,,,1,2,,,,,upload/20150410/20150410153826n.jpg,,,,upload/20150410/20150410153829b.jpg,,1,
0272014JY00048,工业四路随州街JY,10106,0272014JY00048,3,0,,,,,1,2,,,,,upload/20150410/20150410120724nan.jpg,,,,upload/20150410/20150410120713bei.jpg,,1,
0272014JY00052,和平大道建设一路JY,10109,0272014JY00052,3,0,,,,,1,2,,,upload/20150411/20150411103537d.jpg,,,,upload/20150411/20150411103541x.jpg,,,,1,
0272014JY00075,三眼桥路三眼桥北路JY,10120,0272014JY00075,2,0,,,,,1,2,,,,,upload/20150410/20150410154005n.jpg,,,,upload/20150410/20150410154001b.jpg,,1,
0272014JY00077,沿江大道张自忠路JY,10122,0272014JY00077,2,0,,,,,1,2,,,,,upload/20150410/20150410154100n.jpg,,,,upload/20150410/20150410154057b.jpg,,1,
0272014JY00078,友谊南路民主二路JY,10123,0272014JY00078,2,0,,,,,1,2,,,,,upload/20150410/20150410154307n.jpg,,,,upload/20150410/20150410154303b.jpg,,1,
0272014JY00084,工业路鄂州街JY,10125,0272014JY00084,2,0,,,,,1,2,,,,,upload/20150411/20150411103840n.jpg,,,,upload/20150411/20150411103844b.jpg,,1,
0272014JY00009,沿江大道南京路JY,10126,0272014JY00009,2,0,,,,,1,2,,,,,upload/20150410/20150410160535n.jpg,,,,upload/20150410/20150410160532b.jpg,,1,
0272014JY00067,秦园东路沙湖路JY,10136,0272014JY00067,3,,,,,,1,4,,,upload/20150411/20150411104437d.jpg,,upload/20150411/20150411104426n.jpg,,upload/20150411/20150411104420x.jpg,,upload/20150411/20150411104415b.jpg,,1,
19,航空路立交桥武胜路上桥处,10250,19,2,,,,,,,,,,,,,,,,,,1,
20,解放大道航空路口,10251,20,2,0,,,,,,,,,,,,,,,,,1,
21,航空路立交全景,10252,21,2,0,,,,,,,,,,,,,,,,,1,
22,解放大道中山公园段,10253,22,2,0,,,,,,,,,,,,,,,,,1,
23,解放大道新华路段,10254,23,2,0,,,,,,,,,,,,,,,,,1,
24,解放大道江汉北路口,10255,24,2,0,,,,,,,,,,,,,,,,,1,
25,解放大道台北路口,10256,25,2,0,,,,,,,,,,,,,,,,,1,
179,张之洞路首义路口,10257,179,1,0,,,,,,,,,,,,,,,,,1,
298,东湖路水果湖路,10280,298,,0,,,,,,,,,,,,,,,,,1,
294,南湖大道华中农大,10290,294,3,3,,,,,,,,,,,,,,,,,1,
301,野芷湖桥桥面,10291,301,3,3,,,,,,,,,,,,,,,,,1,
302,三环线文化路立交,10292,302,3,3,,,,,,,,,,,,,,,,,1,
305,武珞路珞狮路口,10293,305,3,3,,,,,,,,,,,,,,,,,1,
26,解放大道香港路立交,10294,26,2,0,,,,,,,,,,,,,,,,,1,
306,和平大道三弓路口,10295,306,3,0,,,,,,,,,,,,,,,,,1,
27,解放大道三阳路口,10296,27,2,0,,,,,,,,,,,,,,,,,1,
307,和平大道建四路口,10297,307,3,0,,,,,,,,,,,,,,,,,1,
28,解放大道解放公园路口,10298,28,2,0,,,,,,,,,,,,,,,,,1,
308,沿港路中百超市,10299,308,3,0,,,,,,,,,,,,,,,,,1,
0272014JY00039,珞瑜东路关山大道JY,10098,0272014JY00039,3,0,,,,,1,2,,,upload/20150411/20150411104630d.jpg,,upload/20150411/20150411104634n.jpg,,,,,,1,
0272014JY00047,建设大道航空侧路JY,10105,0272014JY00047,2,0,,,,,1,2,,,upload/20150410/20150410160851d.jpg,,,,upload/20150410/20150410160855x.jpg,,,,1,
0272014JY00049,和平大道建设八路JY,10107,0272014JY00049,3,0,,,,,1,2,,,upload/20150410/20150410134750d.jpg,,,,upload/20150410/20150410134800x.jpg,,,,1,
0272014JY00060,汉江大道江汉桥东侧JY,10114,0272014JY00100,2,0,,,,,1,3,,,upload/20150411/20150411150114d.jpg,,upload/20150411/20150411150122n.jpg,,upload/20150411/20150411150126x.jpg,,,,1,
0272014JY00072,建设大道妙墩路JY,10118,0272014JY00072,2,,,,,,1,2,,,upload/20150410/20150410160955d.jpg,,,,upload/20150410/20150410160958x.jpg,,,,1,
0272014JY00073,三眼桥路唐蔡路JY,10119,0272014JY00073,2,0,,,,,1,2,,,,,upload/20150410/20150410161043n.jpg,,,,upload/20150410/20150410161040b.jpg,,1,
HPKK001,岱黄公路府河桥头,10145,HPKK001,4,0,,,,,,2,,,,,,,,,,,1,
153,汉阳大道翠微横路,10169,153,2,0,,,,,,,,,,,,,,,,,1,
asdf,ad,10150,asdf,5,,,,,,,,,,,,,,,,,,1,
148,龙阳大道陶家岭段,10167,148,3,0,,,,,,,,,,,,,,,,,1,
152,汉阳大道五琴路口,10168,152,2,0,,,,,,,,,,,,,,,,,1,
154,琴台路文化宫立交,10170,154,2,0,,,,,,,,,,,,,,,,,1,
182,汉阳大道锅顶山变电站,10181,182,3,0,,,,,,,,,,,,,,,,,1,
184,汉阳大道三环立交桥,10182,184,5,0,,,,,,,,,,,,,,,,,1,
187,龙阳大道烟厂段（摩尔城）,10183,212,2,0,,,,,,,,,,,,,,,,,1,
195,江城大道墨水湖桥南,10184,195,3,0,,,,,,,,,,,,,,,,,1,
196,江城大道四新大道口,10185,196,3,3,,,,,,,,,,,,,,,,,1,
197,江城大道三环立交桥,10186,197,5,3,,,,,,,,,,,,,,,,,1,
202,鹦鹉大道前进集贸市场,10187,205,3,0,,,,,,,,,,,,,,,,,1,
203,琴台路金龙路,10188,203,3,0,,,,,,,,,,,,,,,,,1,
109,卓刀泉立交桥顶层,10189,109,3,4,,,,,,,,,,,,,,,,,1,
6,湖北剧场,10190,8,1,0,,,,,,,,,,,,,,,,,1,
7,武珞路首义路口,10191,7,1,0,,,,,,,,,,,,,,,,,1,
9,首义隧道大桥端,10192,9,1,0,,,,,,,,,,,,,,,,,1,
34,长江二桥武昌铁索,10193,34,1,0,,,,,,,,,,,,,,,,,1,
73,东湖路黄鹂路口  ,10204,73,3,0,,,,,,,,,,,,,,,,,1,
74,东湖路东湖宾馆,10205,74,3,0,,,,,,,,,,,,,,,,,1,
75,洪山路双湖桥,10206,75,3,0,,,,,,,,,,,,,,,,,1,
107,和平大道铁机路口,10207,107,2,0,,,,,,,,,,,,,,,,,1,
108,解放路大成路口,10208,108,2,0,,,,,,,,,,,,,,,,,1,
117,和平大道建十一路口,10216,117,4,4,,,,,,,,,,,,,,,,,1,
118,和平大道建十路口,10217,118,3,0,,,,,,,,,,,,,,,,,1,
147,徐东路梨园段,10240,144,1,0,,,,,,,,,,,,,,,,,1,
171,中山路友谊大道路口,10241,171,1,3,,,,,,,,,,,,,,,,,1,
172,友谊大道武昌大队,10242,172,1,3,,,,,,,,,,,,,,,,,1,
173,友谊大道新河街路口,10243,173,1,,,,,,,,,,,,,,,,,,1,
174,友谊大道湖大路口,10244,174,1,3,,,,,,,,,,,,,,,,,1,
0272014JY00007,光谷大道创业街路口,10055,0272014JY00007,,0,,,,,2,2,,,,,,,,,,,0,
0272014JY00004,光谷大道创业街JY,10074,0272014JY00004,2,0,,,,,1,2,,,,,upload/20150410/20150410134130nan.jpg,,,,upload/20150410/20150410134125bei.jpg,,1,
0272014JY00017,公正路紫砂路JY,10079,0272014JY00017,2,0,,,,,1,2,,,upload/20150410/20150410120902dong.jpg,,,,upload/20150410/20150410120914xi.jpg,,,,1,
0272014JY00041,临江大道中山路JY,10099,0272014JY00041,2,,,,,,1,2,,,,,upload/20150410/20150410140031n.jpg,,,,upload/20150410/20150410140028b.jpg,,1,
0272014JY00042,南湖大道华农北门JY,10100,0272014JY00042,2,0,,,,,1,2,,,upload/20150410/20150410135134d.jpg,,,,upload/20150410/20150410135139x.jpg,,,,1,
0272014JY00074,建设大道万松园路JY,10140,0272014JY00074,2,0,,,,,1,2,,,upload/20150410/20150410161138d.jpg,,,,upload/20150410/20150410161144x.jpg,,,,1,
0272014JY00081,赫山路玫瑰街JY,10142,0272014JY00081,2,0,,,,,1,3,,,upload/20150411/20150411145444d.jpg,,upload/20150411/20150411145449n.jpg,,upload/20150411/20150411145453x.jpg,,,,1,
0272014JY00082,建设一路建岗南街JY,10143,0272014JY00082,2,0,,,,,1,2,,,upload/20150411/20150411105035d.jpg,,,,upload/20150411/20150411105040x.jpg,,,,1,
HPKK003,巨龙大道阳光天下,10146,HPKK003,4,0,,,,,,2,,,,,,,,,,,1,
HPKK002,岱黄公路府河收费站,901,HPKK002,4,4,,,,,,2,,,,,,,,,,,1,
177,小东门路口,10246,177,1,0,,,,,,,,,,,,,,,,,1,
189,公正路余家湖路口,10258,189,1,0,,,,,,,,,,,,,,,,,1,
200,省委正门高清,10259,200,1,0,,,,,,,,,,,,,,,,,1,
201,省政府正门高清,10260,201,1,0,,,,,,,,,,,,,,,,,1,
271,和平大道理工大,10261,271,1,0,,,,,,,,,,,,,,,,,1,
272,中山路公平路,10262,272,1,0,,,,,,,,,,,,,,,,,1,
274,中山路解放路,10263,274,1,0,,,,,,,,,,,,,,,,,1,
275,临江大道彭刘杨路口,10264,275,1,0,,,,,,,,,,,,,,,,,1,
276,临江大道张之洞路口,10265,276,1,0,,,,,,,,,,,,,,,,,1,
277,首义路701所门前,10266,277,1,0,,,,,,,,,,,,,,,,,1,
278,张之洞路中南财大,10267,278,,3,,,,,,,,,,,,,,,,,1,
279,解放路彭刘杨路,10268,279,,3,,,,,,,,,,,,,,,,,1,
280,解放路火炬路,10269,280,,0,,,,,,,,,,,,,,,,,1,
281,中山路中铁十一局,10270,281,,0,,,,,,,,,,,,,,,,,1,
282,粮道街胭脂路,10271,282,,0,,,,,,,,,,,,,,,,,1,
283,解放路中华路,10272,283,,0,,,,,,,,,,,,,,,,,1,
284,民主路中铁七局段,10273,284,,0,,,,,,,,,,,,,,,,,1,
285,洪山广场八一路,10274,285,,0,,,,,,,,,,,,,,,,,1,
286,洪山广场洪山路,10275,286,,0,,,,,,,,,,,,,,,,,1,
287,洪山广场民主路,10276,287,,0,,,,,,,,,,,,,,,,,1,
295,徐东大街省电力,10277,295,,0,,,,,,,,,,,,,,,,,1,
296,中南路中南二路,10278,296,,0,,,,,,,,,,,,,,,,,1,
297,梅苑路文安路,10279,297,,0,,,,,,,,,,,,,,,,,1,
299,东湖路白鹭街,10281,299,,3,,,,,,,,,,,,,,,,,1,
300,东三路八一路,10282,300,,0,,,,,,,,,,,,,,,,,1,
303,友谊大道长江隧道出口,10283,303,,0,,,,,,,,,,,,,,,,,1,
304,东湖路双湖桥段,10284,304,,0,,,,,,,,,,,,,,,,,1,
289,卓刀泉立交桥下,10285,289,,3,,,,,,,,,,,,,,,,,1,
0272014JY00012,新华路北湖西路JY,10077,0272014JY00012,,0,,,,,,2,,,,,upload/20150410/20150410140723n.jpg,,,,upload/20150410/20150410140719b.jpg,,1,
0272014JY00025,京汉大道武展东路JY,10085,0272014JY00025,2,0,,,,,1,2,,,upload/20150410/20150410161250d.jpg,,,,upload/20150410/20150410161255x.jpg,,,,1,
0272014JY00029,南泥湾大道古田二路JY,10089,0272014JY00029,3,0,,,,,1,2,,,upload/20150410/20150410161417d.jpg,,,,upload/20150410/20150410161422x.jpg,,,,1,
0272014JY00034,关山大道南湖大道JY,10094,0272014JY00034,3,0,,,,,1,2,,,,,upload/20150410/20150410140303n.jpg,,,,upload/20150410/20150410140258b.jpg,,1,
0272014JY00050,京汉大道~口路JY,10128,0272014JY00050,2,,,,,,1,2,,,upload/20150410/20150410161528d.jpg,,,,,,upload/20150410/20150410161524b.jpg,,1,
0272014JY00056,友谊大道工业四路JY,10129,0272014JY00056,2,0,,,,,1,2,,,upload/20150410/20150410141926d.jpg,,,,upload/20150410/20150410141930x.jpg,,,,1,
0272014JY00058,解放大道六十三中JY,10130,0272014JY00058,2,0,,,,,1,2,,,upload/20150410/20150410161610d.jpg,,,,upload/20150410/20150410161613x.jpg,,,,1,
0272014JY00059,和平大道学院路JY,10131,0272014JY00059,3,0,,,,,1,2,,,,,upload/20150411/20150411105214n.jpg,,,,upload/20150411/20150411105211b.jpg,,1,
0272014JY00061,京汉大道芦沟桥路JY,10132,0272014JY00061,3,0,,,,,1,4,,,upload/20150411/20150411105513jhddlgqd.jpg,,upload/20150411/20150411105504jhddlgqn.jpg,,upload/20150411/20150411105459jhddlgqx.jpg,,upload/20150411/20150411105454jhddlgqb.jpg,,1,
0272014JY00066,民族大道南湖大道JY,10135,0272014JY00066,3,0,,,,,1,2,,,upload/20150411/20150411105911d.jpg,,,,upload/20150411/20150411105923n.jpg,,,,1,
0272014JY00069,欢乐大道杨园南路JY,10137,0272014JY00069,3,0,,,,,1,2,,,,,upload/20150411/20150411110032n.jpg,,,,upload/20150411/20150411110027b.jpg,,1,
0272014JY00071,北湖西路西北湖路JY,10139,0272014JY00071,2,0,,,,,1,2,,,upload/20150411/20150411110350bhxlxbhld.jpg,,,,upload/20150411/20150411110405bhxlxbhlx.jpg,,,,1,
0272014JY00080,建设六路红钢二街JY,10141,0272014JY00080,3,0,,,,,1,2,,,,,upload/20150411/20150411111414n.jpg,,,,upload/20150411/20150411111418b.jpg,,1,
0272014JY00083,工业路黄州街JY,10144,0272014JY00083,2,0,,,,,1,2,,,,,upload/20150411/20150411111526n.jpg,,,,upload/20150411/20150411111520b.jpg,,1,
290,卓刀泉南路虎泉路,10286,290,,3,,,,,,,,,,,,,,,,,1,
291,珞狮南路南湖大道,10287,291,,3,,,,,,,,,,,,,,,,,1,
292,文化路无名十字路口,10288,292,4,,,,,,,,,,,,,,,,,,1,
293,南湖大道江大师范学院,10289,293,4,3,,,,,,,,,,,,,,,,,1,
309,三弓路旅大路口,10300,309,3,0,,,,,,,,,,,,,,,,,1,
29,解放大道永清街口,10301,29,2,0,,,,,,,,,,,,,,,,,1,
310,工业路随州街路,10302,310,3,0,,,,,,,,,,,,,,,,,1,
30,黄浦路立交桥全景,10303,30,2,0,,,,,,,,,,,,,,,,,1,
311,工业二路随州街路,10304,311,3,0,,,,,,,,,,,,,,,,,1,
31,解放大道黄浦路口,10305,31,2,0,,,,,,,,,,,,,,,,,1,
312,工业四路随州街路,10306,312,3,0,,,,,,,,,,,,,,,,,1,
313,友谊大道三弓路口,10307,313,3,0,,,,,,,,,,,,,,,,,1,
86,解放大道崇仁路口,10308,86,2,,,,,,,,,,,,,,,,,,1,
315,青王公路团结路,10309,315,4,0,,,,,,,,,,,,,,,,,1,
316,临江大道建八路,10310,316,4,0,,,,,,,,,,,,,,,,,1,
87,解放大道~口路口,10311,87,2,,,,,,,,,,,,,,,,,,1,
317,东湖南路风光村路口,10312,317,,,,,,,,,,,,,,,,,,,1,
88,解放大道双厂巷口,10313,88,2,,,,,,,,,,,,,,,,,,1,
318,鲁磨路植物园路段,10314,318,,,,,,,,,,,,,,,,,,,1,
89,解放大道汉西路口,10315,89,2,,,,,,,,,,,,,,,,,,1,
319,东湖东路磨山大门,10316,319,,3,,,,,,,,,,,,,,,,,1,
478,三环线青菱路立交,10333,478,5,0,,,,,,,,,,,,,,,,,1,
479,107国道民院分校,10334,479,5,0,,,,,,,,,,,,,,,,,1,
480,107国道青郑高速入口 ,10335,480,5,3,,,,,,,,,,,,,,,,,1,
481,企业路21号公路口,10336,481,,0,,,,,,,,,,,,,,,,,1,
482,企业路21号公路口,10337,482,4,0,,,,,,,,,,,,,,,,,1,
483,21号公路焦化公司大门,10338,483,4,0,,,,,,,,,,,,,,,,,1,
484,21号公路K4+940处,10339,484,4,0,,,,,,,,,,,,,,,,,1,
485,21号公路焦沙路口,10340,485,4,0,,,,,,,,,,,,,,,,,1,
486,21号公路K4+160处,10341,486,4,0,,,,,,,,,,,,,,,,,1,
487,21号公路K5+660处,10342,487,4,0,,,,,,,,,,,,,,,,,1,
488,21号公路武钢20号门处,10343,488,4,0,,,,,,,,,,,,,,,,,1,
489,21号公路青化路口,10344,489,4,0,,,,,,,,,,,,,,,,,1,
213,翠微路归元寺正门端,10345,213,2,0,,,,,,,,,,,,,,,,,1,
426,鹦鹉大道夹河路口,10356,426,2,,,,,,,,,,,,,,,,,,1,
427,汉阳大道滨江大道口,10357,427,2,0,,,,,,,,,,,,,,,,,1,
428,琴台大道兵工厂,10358,428,2,0,,,,,,,,,,,,,,,,,1,
429,玫瑰西街建行段,10359,429,3,,,,,,,,,,,,,,,,,,1,
430,长丰桥汉阳侧上桥处,10360,430,5,,,,,,,,,,,,,,,,,,1,
431,鹦鹉大道锦绣长江警务平台,10361,431,3,,,,,,,,,,,,,,,,,,1,
432,芳草路四新北路口,10362,432,3,1,,,,,,,,,,,,,,,,,1,
433,芳草路隆兴东街口,10363,433,3,,,,,,,,,,,,,,,,,,1,
435,汉阳大道十里建材市场段,10364,435,2,0,,,,,,,,,,,,,,,,,1,
584,二环线汉西一路交汇路口,10365,584,3,0,,,,,,,,,,,,,,,,,1,
585,二环线建设大道交汇路口,10366,585,3,0,,,,,,,,,,,,,,,,,1,
586,二环线汉西小学附近,10367,586,3,0,,,,,,,,,,,,,,,,,1,
591,二环线振兴东路路口（桥下）,10395,591,3,,,,,,,,,,,,,,,,,,1,
0272014JY00092323,汉江大道江汉桥西侧JY,10408,0272014JY00060,2,0,,,,,1,3,,,upload/20150411/20150411145813d.jpg,,upload/20150411/20150411145817n.jpg,,upload/20150411/20150411150527n.jpg,,,,1,
0272014JY00092,芳草路芳墨路JY,10410,0272014JY00092,3,0,,,,,1,2,,,,,,,,,,,1,
0272014JY00093,金银湖路金银湖南一街JY,10411,0272014JY00093,3,0,,,,,1,,,,,,,,,,,,1,
612,二环线竹叶山转盘金桥大道路口,10425,612,,,,,,,,,,,,,,,,,,,1,
613,二环线贺家墩路路口（桥上）,10426,613,2,,,,,,,,,,,,,,,,,,1,
614,二环线银家墩路路口（桥上）,10427,614,2,,,,,,,,,,,,,,,,,,1,
615,二环线姑嫂树立交桥交汇处（桥上）,10428,615,2,0,,,,,,,,,,,,,,,,,1,
616,二环线俊才街路口（桥上）,10429,616,2,0,,,,,,,,,,,,,,,,,1,
617,二环线赵家条小路路口（桥上）,10430,617,2,0,,,,,,,,,,,,,,,,,1,
618,二环线二七侧路至赵家条小路之间（桥上）,10431,618,2,0,,,,,,,,,,,,,,,,,1,
619,二环线二七侧路路口（桥上）,10432,619,2,0,,,,,,,,,,,,,,,,,1,
52,中山大道江汉路口,10442,52,1,,,,,,,,,,,,,,,,,,1,
0272014JY00090,知音大道江汉一桥下闸路口JY,10407,0272014JY00090,2,0,,,,,1,,,,,,,,,,,,0,
603,二环线常青路交汇处,10415,603,3,0,,,,,,,,,,,,,,,,,1,
606,二环线金墩路路口,10418,606,3,0,,,,,,,,,,,,,,,,,1,
607,二环线新华四路路口,10419,607,3,0,,,,,,,,,,,,,,,,,1,
608,二环线俊才街路口,10420,608,2,0,,,,,,,,,,,,,,,,,1,
609,二环线中一路路口,10421,609,2,0,,,,,,,,,,,,,,,,,1,
610,二环线黄孝河路路口,10422,610,2,0,,,,,,,,,,,,,,,,,1,
69,青年路立交全景,10458,69,2,,,,,,,,,,,,,,,,,,1,
351,宝丰一路宝丰二路口,10543,351,2,,,,,,,,,,,,,,,,,,1,
383,利济南路客运中心段,10553,383,1,,,,,,,,,,,,,,,,,,1,
384,利济南路汉正街口,10554,384,1,,,,,,,,,,,,,,,,,,1,
386,利济南路北端,10556,386,1,,,,,,,,,,,,,,,,,,1,
387,多福路燕山巷段,10557,387,1,,,,,,,,,,,,,,,,,,1,
388,多福路品牌广场段,10558,388,1,,,,,,,,,,,,,,,,,,1,
389,多福路大夹街,10559,389,1,,,,,,,,,,,,,,,,,,1,
393,汉施路解放大道口,10563,393,3,,,,,,,,,,,,,,,,,,1,
0272014JY00079,友谊路自治街JY,10124,0272014JY00079,2,0,,,,,1,2,,,,,upload/20150410/20150410154351n.jpg,,,,upload/20150410/20150410154347b.jpg,,1,
394,汉施路江岸路段,10564,394,3,,,,,,,,,,,,,,,,,,1,
254,金山大道机场高速路口,10567,254,4,,,,,,,,,,,,,,,,,,1,
0272014JY00030,彭刘杨路黄鹤楼南路JY,10090,0272014JY00030,2,0,,,,,1,2,,,upload/20150411/20150411102945d.jpg,,,,upload/20150411/20150411102950x.jpg,,,,1,
0272014JY00064,后湖大道百步亭路JY,10134,0272014JY00064,2,0,,,,,1,4,,,upload/20150411/20150411104142hhddbbtbd.jpg,,upload/20150411/20150411104149hhddbbtbn.jpg,,upload/20150411/20150411104153hhddbbtbx.jpg,,upload/20150411/20150411104131hhddbbtb.jpg,,1,
0272014JY00070,北湖西路马场横路JY,10138,0272014JY00070,2,0,,,,,1,2,,,upload/20150411/20150411110237bhxlmchld.jpg,,,,upload/20150411/20150411110241bhxlmchlx.jpg,,,,1,
0272014JY00097,沿江大道芦沟桥路JY,10568,0272014JY00097,2,0,,,,,1,2,,,,,,,,,"upload/20150411/20150411162506b.jpg,upload/20150411/20150411162508n.jpg",,1,
0272014TS10040,解放大道中山公园侧门公交卡口TS,10570,0272014TS10040,1,,信号机取电,,,,2,1,,,,,,,,,,,1,
0272014TS10041,解放大道SOGO商场旁公交卡口TS,10571,0272014TS10041,1,0,信号机取电,,,,2,1,,,,,,,,,,,1,
0272014TS10042,解放大道西马路天桥公交卡口TS,10572,0272014TS10042,1,0,,,,,2,1,,,,,,,,,,,1,
0272014TS10043,解放大道香港路义和巷公交卡口TS,10573,0272014TS10043,1,,信号机取电,,,,2,1,,,,,,,,,,,1,
0272014TS10044,解放大道大智路（长江海事局对面）公交卡口TS,10574,0272014TS10044,1,,信号机取电,,,,2,1,,,,,,,,,,,1,
0272014TS10046,解放大道黄浦路（长江水利委员会旁）公交卡口TS,10575,0272014TS10045,1,0,信号机取电,,,,2,1,,,,,,,,,,,1,
0272014TS10046,解放大道循礼门（武汉市总工会对面）公交卡口TS,10576,0272014TS10046,1,0,信号机取电,,,,,1,,,,,,,,,,,1,
0272014TS10047,二七长江大桥公交卡口TS,10577,0272014TS10047,1,0,信号机取电,,,,2,1,,,,,,,,,,,1,
0272015LF15007,珞狮路北港村至傅家咀公交站路段LF,10578,0272015LF15307,3,0,路口取电,,,,,1,,,,,,,,,,,1,
0272015LF15008,珞狮路傅家咀至南湖山庄公交站路段LF,10579,0272015LF15308,3,0,信号灯取电,,,,,1,,,,,,,,,,,1,
45,沿江大道兰陵路口,10434,45,1,,,,,,,,,,,,,,,,,,1,
48,沿江大道龙王庙,10438,48,1,,,,,,,,,,,,,,,,,,1,
49,中山大道游艺路口,10439,49,1,,,,,,,,,,,,,,,,,,1,
377,友谊南路晴川桥28号桥墩段西,10547,377,1,,,,,,,,,,,,,,,,,,1,
379,沿江大道晴川桥西,10549,379,1,,,,,,,,,,,,,,,,,,1,
380,沿江大道永宁巷段,10550,380,1,,,,,,,,,,,,,,,,,,1,
385,利济南路长堤街口,10555,385,1,,,,,,,,,,,,,,,,,,1,
390,多福路第一大道1号天桥南侧,10560,390,1,,,,,,,,,,,,,,,,,,1,
391,多福路儒祥里段,10561,391,1,,,,,,,,,,,,,,,,,,1,
392,多福路板厂巷段,10562,392,1,,,,,,,,,,,,,,,,,,1,
395,汉施路椹家矶段,10565,395,3,,,,,,,,,,,,,,,,,,1,
396,汉施公路欣椹大道段,10566,396,3,,,,,,,,,,,,,,,,,,1,
0272014JY00099,惠济路惠济四路,10569,0272014JY00099,3,0,,,,,2,3,,,,,,,,,,,1,
0272015LF15001,东湖路湖北日报至省博物馆公交站路段LF,10580,0272015LF15301,2,0,监控取电,,,,,1,,,,,,,,,,,1,
0272015LF15002,东湖路蔡家嘴至中南医院公交站路段LF,10581,0272015LF15302,2,0,监控取电,,,,,1,,,,,,,,,,,1,
0272015LF15003,东湖路中南医院至蔡家嘴公交站路段LF,10582,0272015LF15303,2,0,监控取电,,,,,1,,,,,,,,,,,1,
0272015LF15004,东湖路蔡家嘴至省博物馆公交站路段LF,10583,0272015LF15304,2,0,监控取电,,,,,1,,,,,,,,,,,1,
0272015LF15005,东湖路省博物馆至湖北日报公交站路段LF,10584,0272015LF15305,2,0,监控取电,,,,,1,,,,,,,,,,,1,
0272015LF15006,东湖路梨园至梨园广场公交站路段LF,10585,0272015LF15306,2,0,监控取电,,,,,1,,,,,,,,,,,1,
0272015LF15009,珞狮路南湖山庄至傅家咀公交站路段LF,10586,0272015LF15309,3,0,信号灯取电,,,,,1,,,,,,,,,,,1,
0272015LF15010,珞狮路傅家咀至北港村公交站路段LF,10587,0272015LF15310,3,0,监控取电,,,,,1,,,,,,,,,,,1,
0272015bk10018,黄浦大街丝宝卡口bk,10589,0272015bk10024,,,,,,,,2,,,,,,,,,,,1,
027LF2015006,古田三路沿河大道LF-QK,10596,027LF2015006,1,,,,,,,2,,,,,,,,,,,1,
027LF2015007,沿河大道军事经济学院LF-QK,10597,027LF2015007,1,0,,,,,,2,,,,,,,,,,,1,
027LF2015008,利济东街民意四路LF-QK,10598,027LF2015008,1,0,,,,,,2,,,,,,,,,,,1,
027LF2015011,解放大道简易路LF-QK,10602,027LF2015011,1,0,,,,,,2,,,,,,,,,,,1,
027LF2015012,解放大道汉西一路LF-QK,10603,027LF2015012,1,0,,,,,,4,,,,,,,,,,,1,
027LF2015013,解放大道古田五路LF-QK,10605,027LF2015013,1,0,,,,,,2,,,,,,,,,,,1,
027LF2015014,解放大道联工路LF-QK,10606,027LF2015014,1,0,,,,,,2,,,,,,,,,,,1,
027LF2015015,解放大道消防中队路LF-QK,10607,027LF2015015,1,0,,,,,,2,,,,,,,,,,,1,
027LF2015016,解放大道联谊路LF-QK,10608,027LF2015016,1,0,,,,,,2,,,,,,,,,,,1,
027LF2015017,古田一路解放大道LF-QK,10609,027LF2015017,1,0,,,,,,1,,,,,,,,,,,1,
027LF2015018,南泥湾大道警官学院门口LF-QK,10610,027LF2015018,1,0,,,,,,2,,,,,,,,,,,1,
027LF2015019,南泥湾大道古田四路LF-QK,10611,027LF2015019,1,0,,,,,,2,,,,,,,,,,,1,
027LF2015020,南泥湾大道汉西三路LF-QK,10612,027LF2015020,1,0,,,,,,3,,,,,,,,,,,1,
027LF2015024,汉西北路旧车交易市场LF-QK,10616,027LF2015024,1,0,,,,,,2,,,,,,,,,,,1,
256,沿河大道利济南路口,10370,256,1,0,,,,,,,,,,,,,,,,,1,
257,长丰大道工农路口,10371,257,3,0,,,,,,,,,,,,,,,,,1,
258,海军工程大学门口,10372,258,2,0,,,,,,,,,,,,,,,,,1,
259,南泥湾大道西汉正街口,10373,259,3,0,,,,,,,,,,,,,,,,,1,
260,利济北路顺道街,10374,260,1,0,,,,,,,,,,,,,,,,,1,
261,沿河大道江汉一桥,10375,261,1,0,,,,,,,,,,,,,,,,,1,
267,利济南路建设银行门口,10381,267,1,0,,,,,,,,,,,,,,,,,1,
339,武胜路电车公司,10385,339,2,0,,,,,,,,,,,,,,,,,1,
341,崇仁路荣华西村路口,10387,341,2,0,,,,,,,,,,,,,,,,,1,
346,沿河大道知音桥东侧,10388,346,2,0,,,,,,,,,,,,,,,,,1,
347,解放大道古田五路口,10389,347,3,0,,,,,,,,,,,,,,,,,1,
0272014JY00087,澳门路湖边坊JY,10404,0272014JY00087,2,0,,,,,1,2,,,upload/20150410/20150410155226d.jpg,,,,upload/20150410/20150410155230x.jpg,,,,1,
0272014JY00088,京汉大道友谊路JY,10405,0272014JY00088,2,0,,,,,1,2,,,,,upload/20150410/20150410155439n.jpg,,,,upload/20150410/20150410155436b.jpg,,1,
0272014JY00089,京汉大道崇仁路JY,10406,0272014JY00089,2,0,,,,,1,2,,,upload/20150411/20150411120446d.jpg,,,,upload/20150410/20150410160026x.jpg,,,,1,
63,发展大道唐家墩路口,10453,63,2,,,,,,,,,,,,,,,,,,1,
78,建设大道黄浦路口,10462,78,2,,,,,,,,,,,,,,,,,,1,
77,发展大道黄浦路口,10463,77,2,,,,,,,,,,,,,,,,,,1,
101,常青路华安里段,10474,101,3,,,,,,,,,,,,,,,,,,1,
101,常青路华安里段,10475,101,3,,,,,,,,,,,,,,,,,,1,
198,市委正门高清,10484,198,2,,,,,,,,,,,,,,,,,,1,
219,黄孝河路江大路口,10491,219,2,,,,,,,,,,,,,,,,,,1,
221,台北路台北一路口,10493,221,2,,,,,,,,,,,,,,,,,,1,
227,金桥大道后湖大道口,10498,227,3,,,,,,,,,,,,,,,,,,1,
229,香港路唐家墩段,10500,229,2,,,,,,,,,,,,,,,,,,1,
233,长江隧道南京路入口段,10505,233,1,,,,,,,,,,,,,,,,,,1,
235,解放公园正门段,10507,235,2,,,,,,,,,,,,,,,,,,1,
238,建设大道新华路口,10509,238,2,,,,,,,,,,,,,,,,,,1,
239,新华路北湖西路口,10510,239,2,,,,,,,,,,,,,,,,,,1,
240,长江日报路菱角湖路口,10511,240,2,,,,,,,,,,,,,,,,,,1,
241,长江日报路台北路口,10512,241,2,,,,,,,,,,,,,,,,,,1,
242,北湖西路西北湖路口,10513,242,2,,,,,,,,,,,,,,,,,,1,
243,解放大道武商路口,10514,243,1,,,,,,,,,,,,,,,,,,1,
244,解放大道武展东路口,10515,244,1,,,,,,,,,,,,,,,,,,1,
246,京汉大道友谊路口,10517,246,1,,,,,,,,,,,,,,,,,,1,
247,自治街前进四路口,10518,247,1,,,,,,,,,,,,,,,,,,1,
248,民生路花楼街段,10519,248,1,,,,,,,,,,,,,,,,,,1,
249,中山大道前进五路口,10520,249,1,,,,,,,,,,,,,,,,,,1,
250,中山大道前进一路,10521,250,1,,,,,,,,,,,,,,,,,,1,
251,三民路铜人像段,10522,251,1,,,,,,,,,,,,,,,,,,1,
252,沿河大道民族路口,10523,252,1,,,,,,,,,,,,,,,,,,1,
353,拦江路三中门前,10346,353,2,0,,,,,,,,,,,,,,,,,1,
354,汉阳大道都市兰亭段,10347,354,,0,,,,,,,,,,,,,,,,,1,
355,动物园正门段,10348,355,,0,,,,,,,,,,,,,,,,,1,
356,归元寺路复地翠微新城,10349,356,,0,,,,,,,,,,,,,,,,,1,
357,拦江路鹦鹉花园段,10350,357,,0,,,,,,,,,,,,,,,,,1,
358,汉阳大道马沧湖段,10351,358,,0,,,,,,,,,,,,,,,,,1,
363,直属大门正门,10352,363,,0,,,,,,,,,,,,,,,,,1,
364,玫瑰东路永丰路口,10353,364,,0,,,,,,,,,,,,,,,,,1,
424,汉阳大道西桥路口,10354,424,2,,,,,,,,,,,,,,,,,,1,
425,国博大道归元寺路口,10355,425,,0,,,,,,,,,,,,,,,,,1,
587,二环线淮海路路口（桥下）,10368,587,,0,,,,,,,,,,,,,,,,,1,
588,二环线长丰大道交汇路口（东南）,10369,588,,0,,,,,,,,,,,,,,,,,1,
0272014JY00085,关山大道新竹路JY,10413,0272014JY00085,3,0,,,,,1,2,,,,,upload/20150410/20150410121212nan.jpg,,,,upload/20150410/20150410121206bei.jpg,,1,
0272014JY00095,常青一路新湾五路JY,10414,0272014JY00095,3,0,,,,,1,2,,,upload/20150411/20150411125643d.jpg,,,,upload/20150411/20150411125651x.jpg,,,,1,
325,洞庭街一元路口,10525,325,1,,,,,,,,,,,,,,,,,,1,
327,黎黄陂路中队段,10527,327,1,,,,,,,,,,,,,,,,,,1,
328,兴荣村客运站门前,10528,328,3,,,,,,,,,,,,,,,,,,1,
329,解放大道百步亭花园路口,10529,329,3,,,,,,,,,,,,,,,,,,1,
330,三眼桥路江大路口,10530,330,2,,,,,,,,,,,,,,,,,,1,
331,江大路俊才路口,10531,331,2,,,,,,,,,,,,,,,,,,1,
0272014JY00063,兴业路中一路JY,10133,0272014JY00063,2,0,,,,,1,4,,,upload/20150411/20150411120222d.jpg,,upload/20150411/20150411120226n.jpg,,upload/20150411/20150411120230x.jpg,,upload/20150411/20150411120217b.jpg,,1,
博康,黄浦大街丝宝卡口,10588,博康,,,,,,,,,,,,,,,,,,,0,
0272014JY00006,建设大道解放公园路JY,10590,0272014JY00006,3,,,,,,1,2,,,,,,,,,,,1,
027LF2015001,多福路口沿河大道LF-QK,10591,027LF2015001,1,0,,,,,,1,,,,,,,,,,,1,
027LF2015002,崇仁路沿河大道LF-QK,10592,027LF2015002,1,,,,,,,1,,,,,,,,,,,1,
027LF2015003,沿河大道~口路LF-QK,10593,027LF2015003,1,0,,,,,,2,,,,,,,,,,,1,
027LF2015004,沿河大道水厂路LF-QK,10594,027LF2015004,1,,,,,,,2,,,,,,,,,,,1,
027LF2015005,沿河大道~口区政府LF-QK,10595,027LF2015005,1,0,,,,,,2,,,,,,,,,,,1,
027LF2015009,顺道街民意四路LF-QK,10599,027LF2015009,1,0,,,,,,1,,,,,,,,,,,1,
027LF2015037,汉西一路汉西三路LF-QK,10600,027LF2015037,1,0,,,,,,1,,,,,,,,,,,1,
027LF2015021,古田三路古田路LF-QK,10613,027LF2015021,1,0,,,,,,2,,,,,,,,,,,1,
027LF2015010,顺道街游艺路LF-QK,10604,027LF2015010,1,0,,,,,,1,,,,,,,,,,,1,
027LF2015022,建设大道云都路LF-QK,10614,027LF2015022,1,0,,,,,,1,,,,,,,,,,,1,
027LF2015023,建设大道海军工程大学LF-QK,10615,027LF2015023,1,0,,,,,,2,,,,,,,,,,,1,
027LF2015025,古田四路沿河大道LF-QK,10617,027LF2015025,1,0,,,,,,1,,,,,,,,,,,1,
027LF2015026,古田一路南泥湾大道LF-QK,10618,027LF2015026,1,0,,,,,,3,,,,,,,,,,,1,
589,二环线常滕路路口（桥下）,10393,589,3,,,,,,,,,,,,,,,,,,1,
590,二环线振兴三路路口（桥下）,10394,590,3,,,,,,,,,,,,,,,,,,1,
593,二环线汉西铁路货场附近（桥上）,593,593,2,0,,,,,,,,,,,,,,,,,1,
594,二环线汉西铁路小区路口（桥上）,10396,594,2,0,,,,,,,,,,,,,,,,,1,
595,二环线汉西二手汽车交易市场（桥上）,10397,595,2,0,,,,,,,,,,,,,,,,,1,
592,二环线解放大道上桥匝道口出口附近,592,592,2,0,,,,,,,,,,,,,,,,,1,
598,二环线丰雅交汇处（桥上）,598,598,2,0,,,,,,,,,,,,,,,,,1,
599,二环线常腾路路口（桥上）,599,599,2,0,,,,,,,,,,,,,,,,,1,
600,二环线振兴三路路口（桥上）,10399,600,2,0,,,,,,,,,,,,,,,,,1,
602,二环线复兴二村车站附近（桥上）,10401,602,,0,,,,,,,,,,,,,,,,,1,
583,二环线解放大道交汇路口,10402,583,,0,,,,,,,,,,,,,,,,,1,
0272014JY00086,江城大道琴台路JY,10403,0272014JY00086,2,0,,,,,1,2,,,,,upload/20150410/20150410135434n.jpg,,,,upload/20150410/20150410135431b.jpg,,1,
58,新华路江汉北路口,10448,58,2,,,,,,,,,,,,,,,,,,1,
59,建设大道西北湖广场段,10449,59,2,,,,,,,,,,,,,,,,,,1,
60,新华路江汉区委正门段,10450,60,2,,,,,,,,,,,,,,,,,,1,
61,新华路唐家墩路口,10451,61,2,,,,,,,,,,,,,,,,,,1,
62,唐家墩路香港路口,10452,62,2,,,,,,,,,,,,,,,,,,1,
64,市公安局大门,10454,64,2,,,,,,,,,,,,,,,,,,1,
65,青年路汉口火车站段,10455,65,2,,,,,,,,,,,,,,,,,,1,
67,青年路常青路口,10456,67,2,,,,,,,,,,,,,,,,,,1,
69,建设大道青年路口,10457,68,2,,,,,,,,,,,,,,,,,,1,
72,建设大道澳门路口,10460,72,2,,,,,,,,,,,,,,,,,,1,
76,京汉大道江汉路口,10461,76,1,,,,,,,,,,,,,,,,,,1,
82,沿江大道四维路口,10467,82,1,,,,,,,,,,,,,,,,,,1,
83,建设大道解放公园路口,10468,83,2,,,,,,,,,,,,,,,,,,1,
101,常青路华安里段,10474,101,3,,,,,,,,,,,,,,,,,,1,
102,常青路复兴村路口,10476,102,3,,,,,,,,,,,,,,,,,,1,
103,古田二路长丰大道路口,10477,103,3,,,,,,,,,,,,,,,,,,1,
104,沿河大道友谊南路口,10478,104,1,,,,,,,,,,,,,,,,,,1,
188,建设大道高雄路口,10479,188,2,,,,,,,,,,,,,,,,,,1,
190,京汉大道武展西路口,10480,190,1,,,,,,,,,,,,,,,,,,1,
191,京汉大道前进四路口,10481,191,1,,,,,,,,,,,,,,,,,,1,
193,京汉大道大智路口,10482,193,1,,,,,,,,,,,,,,,,,,1,
194,京汉大道三阳路口,10483,194,1,,,,,,,,,,,,,,,,,,1,
199,市政府正门高清,10485,199,1,,,,,,,,,,,,,,,,,,1,
215,京汉大道解放公园路口,10486,215,1,,,,,,,,,,,,,,,,,,1,
216,京汉大道卢沟桥路口,10487,216,1,,,,,,,,,,,,,,,,,,1,
217,三眼桥路三眼桥北路口,10488,217,2,,,,,,,,,,,,,,,,,,1,
218,工农兵路二七路口,10489,218,2,,,,,,,,,,,,,,,,,,1,
220,香港路光华路口,10492,220,2,,,,,,,,,,,,,,,,,,1,
262,沿河大道桥口路,10376,262,2,0,,,,,,,,,,,,,,,,,1,
263,汉西二路香江家居,10377,263,3,0,,,,,,,,,,,,,,,,,1,
264,汉西一路汉西二路口,10378,264,3,0,,,,,,,,,,,,,,,,,1,
265,利济北路利济东街,10379,265,1,0,,,,,,,,,,,,,,,,,1,
266,多福路汉正街口,10380,266,1,0,,,,,,,,,,,,,,,,,1,
268,多福路长堤街,10382,268,1,0,,,,,,,,,,,,,,,,,1,
269,中山大道~口路口,10383,269,2,0,,,,,,,,,,,,,,,,,1,
270,中山大道崇仁路段,10384,270,2,0,,,,,,,,,,,,,,,,,1,
340,利济北路一医院入口处,10386,340,1,0,,,,,,,,,,,,,,,,,1,
348,解放大道皇经堂大市场,10390,348,3,0,,,,,,,,,,,,,,,,,1,
349,长丰大道古田四路口,10391,349,3,0,,,,,,,,,,,,,,,,,1,
350,同济医院正门,10392,350,2,0,,,,,,,,,,,,,,,,,1,
596,二环线展望路路口（桥上）,10398,596,2,0,,,,,,,,,,,,,,,,,1,
597,二环线淮海路路口（桥上）,597,597,2,0,,,,,,,,,,,,,,,,,1,
601,二环线振兴东路东路口十字路口中间（桥上）,10400,601,2,0,,,,,,,,,,,,,,,,,1,
85,解放大道青少年宫段,10469,85,1,,,,,,,,,,,,,,,,,,1,
100,香港路马祖路口,10473,100,2,,,,,,,,,,,,,,,,,,1,
101,常青路华安里段,10474,101,3,,,,,,,,,,,,,,,,,,1,
222,永清路惠济路口,10494,222,2,,,,,,,,,,,,,,,,,,1,
223,澳门路惠济路口,10495,223,2,,,,,,,,,,,,,,,,,,1,
225,中山大道黄兴路口,10496,225,1,,,,,,,,,,,,,,,,,,1,
226,建设大道江大路口,10497,226,2,,,,,,,,,,,,,,,,,,1,
228,金桥大道三金潭立交桥,10499,228,5,,,,,,,,,,,,,,,,,,1,
229,香港路唐家墩段,10501,229,2,,,,,,,,,,,,,,,,,,1,
244,解放大道武展东路口,10515,244,1,,,,,,,,,,,,,,,,,,1,
326,解放公园路育才高中门前,10526,326,2,,,,,,,,,,,,,,,,,,1,
332,曙光幼儿园,10532,332,2,,,,,,,,,,,,,,,,,,1,
334,红旗渠路金墩路口,10534,334,3,,,,,,,,,,,,,,,,,,1,
338,解放大道武展西路口,10538,338,1,,,,,,,,,,,,,,,,,,1,
342,唐家墩路万国路口,10539,342,2,,,,,,,,,,,,,,,,,,1,
343,江汉北路渣家路口,10540,343,2,,,,,,,,,,,,,,,,,,1,
344,万松园路雪松路口,10541,344,2,,,,,,,,,,,,,,,,,,1,
352,民权路黄陂街,10544,352,1,,,,,,,,,,,,,,,,,,1,
375,友谊南路泰源轻纺城北,10545,375,1,,,,,,,,,,,,,,,,,,1,
376,友谊南路大夹街段,10546,376,1,,,,,,,,,,,,,,,,,,1,
378,友谊南路晴川桥28号桥墩段东,10548,378,1,,,,,,,,,,,,,,,,,,1,
0272014JY00026,建设大道宝丰一路JY,10086,0272014JY00026,2,0,,,,,1,2,,,upload/20150410/20150410152424d.jpg,,,,upload/20150410/20150410152436x.jpg,,,,1,
381,沿河大道多福路路口,10551,381,1,,,,,,,,,,,,,,,,,,1,
382,沿河大道暨济大厦段,10552,382,1,,,,,,,,,,,,,,,,,,1,
0272014JY00091,江堤中路江欣苑路JY,10409,0272014JY00091,3,,,,,,1,4,,,upload/20150411/20150411151246d.jpg,,upload/20150411/20150411151239n.jpg,,upload/20150411/20150411151235x.jpg,,upload/20150411/20150411151230b.jpg,,1,
0272014JY00094,光谷七路神墩三路JY,10412,0272014JY00094,3,0,,,,,1,2,,,,,,,,,,,1,
604,二环线银墩路路口（南）,10416,604,3,0,,,,,,,,,,,,,,,,,1,
605,二环线银墩路路口（北）,10417,605,3,0,,,,,,,,,,,,,,,,,1,
611,二环线竹叶山转盘黄浦大街路口,10423,611,2,0,,,,,,,,,,,,,,,,,1,
0272014JY00096,民族大道政法学院大门JY,10424,0272014JY00096,3,0,,,,,1,2,,,,,upload/20150410/20150410140202n.jpg,,,,upload/20150410/20150410140158b.jpg,,1,
43,市政府大门,10433,44,1,,,,,,,,,,,,,,,,,,1,
43,市委大门,10435,43,2,,,,,,,,,,,,,,,,,,1,
46,沿江大道青岛路口,10436,46,1,,,,,,,,,,,,,,,,,,1,
47,沿江大道民生路,10437,47,1,,,,,,,,,,,,,,,,,,1,
50,中山大道友谊路口,10440,50,1,,,,,,,,,,,,,,,,,,1,
51,中山大道前进四路,10441,51,1,,,,,,,,,,,,,,,,,,1,
53,中山大道南京路口,10443,53,1,,,,,,,,,,,,,,,,,,1,
54,黄孝河路育才小学正门,10444,54,2,,,,,,,,,,,,,,,,,,1,
55,胜利街一元路口,10445,55,1,,,,,,,,,,,,,,,,,,1,
56,胜利街三阳路口,10446,56,1,,,,,,,,,,,,,,,,,,1,
57,新华路体育场正门,10447,57,2,,,,,,,,,,,,,,,,,,1,
70,建设大道台北路口,10459,71,2,,,,,,,,,,,,,,,,,,1,
79,中山大道黄浦路口,10464,79,1,,,,,,,,,,,,,,,,,,1,
80,沿江大道卢沟桥路口,10465,80,1,,,,,,,,,,,,,,,,,,1,
81,沿江大道六合路口,10466,81,1,,,,,,,,,,,,,,,,,,1,
85,解放大道青少年宫段,10469,85,1,,,,,,,,,,,,,,,,,,1,
97,常青路机场高速入口,10470,97,3,,,,,,,,,,,,,,,,,,1,
98,金桥大道兴业路口,10471,98,3,,,,,,,,,,,,,,,,,,1,
99,发展大道黄孝河路口,10472,99,2,,,,,,,,,,,,,,,,,,1,
101,常青路华安里段,10475,101,3,,,,,,,,,,,,,,,,,,1,
219,黄孝河路江大路口,10490,219,2,,,,,,,,,,,,,,,,,,1,
230,建设大道台北路东段,10502,230,2,,,,,,,,,,,,,,,,,,1,
231,中山大道大智路口,10503,231,1,,,,,,,,,,,,,,,,,,1,
232,沿江大道天津路出口,10504,232,1,,,,,,,,,,,,,,,,,,1,
234,解放公园惠济路口,10506,234,2,,,,,,,,,,,,,,,,,,1,
236,姑嫂树路兴业路口,10508,236,3,,,,,,,,,,,,,,,,,,1,
244,解放大道武展东路口,10515,244,1,,,,,,,,,,,,,,,,,,1,
245,京汉大道武商路口,10516,245,1,,,,,,,,,,,,,,,,,,1,
253,友谊南路晴川桥段,10524,253,1,,,,,,,,,,,,,,,,,,1,
333,后襄河二路金家墩路口,10533,333,2,,,,,,,,,,,,,,,,,,1,
335,民族路大兴路口,10535,335,1,,,,,,,,,,,,,,,,,,1,
336,友谊南路清芬一路口,10536,336,1,,,,,,,,,,,,,,,,,,1,
337,自治街前进二路口,10537,337,1,,,,,,,,,,,,,,,,,,1,
345,民主一街前进二路,10542,345,1,,,,,,,,,,,,,,,,,,1,
027LF2015027,解放大道皇经堂菜场LF-QK,10619,027LF2015027,1,0,,,,,,2,,,,,,,,,,,1,
4.201E+17,南湖大道华农北门以东300米处,260,0272012LF12111,3,0,信号机取电,,,,2,2,,,,,,,,,,,1,
0272015JY00002,青年路淮海路JYC,10642,0272015JY00002,1,0,,,,,,3,,,,,,,,,,,1,
027LF2015031,解放大道武汉市公安局水上分局LF-QK,10623,027LF2015031,1,0,,,,,,2,,,,,,,,,,,1,
027LF2015036,武胜路中山大道LF-QK,10628,027LF2015036,1,0,,,,,,2,,,,,,,,,,,1,
027LF2015105,沿河大道广电江湾新城路段LF-QK,10633,027LF2015105,1,0,,,,,,2,,,,,,,,,,,1,
027LF2015106,古田一路解放大道以南100米LF-QK,10634,027LF2015106,1,0,,,,,,2,,,,,,,,,,,1,
027LF2015108,南泥湾大道古田四路以西300米LF-QK,10636,027LF2015108,1,0,,,,,,2,,,,,,,,,,,1,
027LF2015109,汉西三路长丰大道以南300米LF-QK,10637,027LF2015109,1,0,,,,,,2,,,,,,,,,,,1,
0272015HY15001,江城大道（三环线至太子湖北路路段）卡口HY,10638,0272015HY15001,4,0,,,,,,2,,,,,,,,,,,1,
0272015JY00001,建设大道青年路JYC,10643,0272015JY00001,1,,,,,,,4,,,,,,,,,,,1,
0272015JY00010,青年路万松园横路JYC,10644,0272015JY00010,3,0,,,,,2,1,,,,,,,,,,,1,
4.201E+17,南湖大道省农科院研究所,261,0272012LF12110,3,0,信号机取电,,,,2,2,,,,,,,,,,,1,
0272012TS10058,洪山路口,10639,0272012TS10058,2,0,,,,,2,0,,,,,,,,,,,0,
0272015JY00003,武珞路中山路JYC,10640,0272015JY00003,2,,,,,,2,4,,,,,,,,,,,1,
027LF2015028,解放大道辛加地北路LF-QK,10620,027LF2015028,1,0,,,,,,2,,,,,,,,,,,1,
027LF2015030,解放大道湖北长江出版印刷物资有限公司LF-QK,10622,027LF2015030,1,0,,,,,,2,,,,,,,,,,,1,
027LF2015032,解放大道汉水熙园LF-QK,10624,027LF2015032,1,0,,,,,,2,,,,,,,,,,,1,
027LF2015033,汉西一路简易路LF-QK,10625,027LF2015033,1,0,,,,,,2,,,,,,,,,,,1,
027LF2015034,~口路中山大道转盘LF-QK,10626,027LF2015034,1,0,,,,,,1,,,,,,,,,,,1,
027LF2015107,南泥湾大道古田二路以西400米LF-QK,10635,027LF2015107,1,0,,,,,,2,,,,,,,,,,,1,
027LF2015029,解放大道湖北警官学院LF-QK,10621,027LF2015029,1,0,,,,,,2,,,,,,,,,,,1,
027LF2015035,武胜路航空路立交上桥处LF-QK,10627,027LF2015035,1,0,,,,,,1,,,,,,,,,,,1,
027LF2015101,建设大道汉西路以东(1KM)LF-QK,10629,027LF2015101,1,0,,,,,,1,,,,,,,,,,,1,
027LF2015102,顺道街航发路以东路段LF-QK,10630,027LF2015102,1,0,,,,,,1,,,,,,,,,,,1,
027LF2015103,民意四路民主二街以南路段LF-QK,10631,027LF2015103,1,0,,,,,,1,,,,,,,,,,,1,
027LF2015104,沿河大道水厂二路以东路段LF-QK,10632,027LF2015104,1,,,,,,,2,,,,,,,,,,,1,
0272015JY00004,武珞路黄鹤楼东路JYC,10641,0272015JY00004,,0,,,,,2,2,,,,,,,,,,,1,
